step,layer,module_type,module_name,param_name,effective_rank,zero_count,max_rank,mean_abs_param,mean_abs_grad,mean_abs_param_grad,max_abs_param_grad,sum_abs_param_grad
250,0,Attention,query,base_model.model.bert.encoder.layer.0.attention.self.query.lora_E.default,12,0,12,0.0015237629413604736,0.00033648734097369015,5.590375735664566e-07,1.8481227925803978e-06,6.708451110171154e-06
250,0,Attention,value,base_model.model.bert.encoder.layer.0.attention.self.value.lora_E.default,12,0,12,0.002492984989657998,0.0005403145914897323,1.2339569366304204e-06,4.0910745155997574e-06,1.4807483239565045e-05
250,1,Attention,query,base_model.model.bert.encoder.layer.1.attention.self.query.lora_E.default,12,0,12,0.001449701958335936,0.00015722338866908103,2.585882157291053e-07,1.7865005474959617e-06,3.1030585887492634e-06
250,1,Attention,value,base_model.model.bert.encoder.layer.1.attention.self.value.lora_E.default,12,0,12,0.0024938066489994526,0.0006870076176710427,1.9874773897754494e-06,8.993321898742579e-06,2.3849728677305393e-05
250,2,Attention,query,base_model.model.bert.encoder.layer.2.attention.self.query.lora_E.default,12,0,12,0.00247505446895957,0.00015260367945302278,3.572559705844469e-07,1.6691435575921787e-06,4.287071533326525e-06
250,2,Attention,value,base_model.model.bert.encoder.layer.2.attention.self.value.lora_E.default,12,0,12,0.00287004467099905,0.0007871676352806389,1.912950892801746e-06,5.951027105766116e-06,2.2955409804126248e-05
250,3,Attention,query,base_model.model.bert.encoder.layer.3.attention.self.query.lora_E.default,12,0,12,0.0016873552231118083,0.00013082829536870122,2.632424127568811e-07,5.795653805762413e-07,3.1589088393957354e-06
250,3,Attention,value,base_model.model.bert.encoder.layer.3.attention.self.value.lora_E.default,12,0,12,0.0030583359766751528,0.0005675097345374525,1.7809416021918878e-06,8.010584679141175e-06,2.1371299226302654e-05
250,4,Attention,query,base_model.model.bert.encoder.layer.4.attention.self.query.lora_E.default,12,0,12,0.0017283736960962415,0.00023973628412932158,3.30677238480348e-07,1.1807316013801028e-06,3.9681267480773386e-06
250,4,Attention,value,base_model.model.bert.encoder.layer.4.attention.self.value.lora_E.default,12,0,12,0.002448375103995204,0.0007129021105356514,1.6885587683646008e-06,3.748423068827833e-06,2.026270522037521e-05
250,5,Attention,query,base_model.model.bert.encoder.layer.5.attention.self.query.lora_E.default,12,0,12,0.0018822047859430313,0.0002705677761696279,5.313856377142656e-07,2.7670962481352035e-06,6.376627425197512e-06
250,5,Attention,value,base_model.model.bert.encoder.layer.5.attention.self.value.lora_E.default,12,0,12,0.002621539868414402,0.000785929209087044,1.6623563396933605e-06,4.277571406419156e-06,1.9948276531067677e-05
250,6,Attention,query,base_model.model.bert.encoder.layer.6.attention.self.query.lora_E.default,12,0,12,0.0014134239172562957,0.00020821306679863483,3.2016410500546044e-07,1.0509305639061495e-06,3.841969373752363e-06
250,6,Attention,value,base_model.model.bert.encoder.layer.6.attention.self.value.lora_E.default,12,0,12,0.003484683111310005,0.0008064169087447226,2.257383357573417e-06,6.314511210803175e-06,2.7088599381386302e-05
250,7,Attention,query,base_model.model.bert.encoder.layer.7.attention.self.query.lora_E.default,12,0,12,0.0026708897203207016,0.00016729561320971698,5.328247425495647e-07,2.784939397315611e-06,6.393896910594776e-06
250,7,Attention,value,base_model.model.bert.encoder.layer.7.attention.self.value.lora_E.default,12,0,12,0.0045356242917478085,0.001045987824909389,4.728929980046814e-06,1.7546846720506437e-05,5.674715794157237e-05
250,8,Attention,query,base_model.model.bert.encoder.layer.8.attention.self.query.lora_E.default,12,0,12,0.0017644339241087437,0.00029314233688637614,5.07934601046145e-07,1.4715175211676979e-06,6.0952152125537395e-06
250,8,Attention,value,base_model.model.bert.encoder.layer.8.attention.self.value.lora_E.default,12,0,12,0.004687535110861063,0.0016470631817355752,9.73871738096932e-06,2.8249891329323873e-05,0.00011686461220961064
250,9,Attention,query,base_model.model.bert.encoder.layer.9.attention.self.query.lora_E.default,12,0,12,0.003302263794466853,0.00021487830963451415,8.033055109990528e-07,2.4771809421508806e-06,9.639666131988633e-06
250,9,Attention,value,base_model.model.bert.encoder.layer.9.attention.self.value.lora_E.default,12,0,12,0.004620188381522894,0.0010950329015031457,4.96558050144813e-06,1.832379712141119e-05,5.958696419838816e-05
250,10,Attention,query,base_model.model.bert.encoder.layer.10.attention.self.query.lora_E.default,12,0,12,0.003728950396180153,0.0005557950935326517,2.5979381916840794e-06,1.1845244443975389e-05,3.1175259209703654e-05
250,10,Attention,value,base_model.model.bert.encoder.layer.10.attention.self.value.lora_E.default,12,0,12,0.005774929653853178,0.0013142448151484132,1.0260042472509667e-05,4.6565441152779385e-05,0.000123120509670116
250,11,Attention,query,base_model.model.bert.encoder.layer.11.attention.self.query.lora_E.default,12,0,12,0.001730710151605308,0.0003568064421415329,1.047488922267803e-06,7.881274541432504e-06,1.2569867067213636e-05
250,11,Attention,value,base_model.model.bert.encoder.layer.11.attention.self.value.lora_E.default,12,0,12,0.005985604599118233,0.0013878868194296956,6.717540145473322e-06,2.8657113944063894e-05,8.061047992669046e-05
500,0,Attention,query,base_model.model.bert.encoder.layer.0.attention.self.query.lora_E.default,12,0,12,0.0015741385286673903,0.0009090018575079739,1.7401324612364988e-06,9.699431757326238e-06,2.0881589080090635e-05
500,0,Attention,value,base_model.model.bert.encoder.layer.0.attention.self.value.lora_E.default,12,0,12,0.009543227031826973,0.002716319402679801,3.2626427127979696e-05,0.00017717691662255675,0.00039151712553575635
500,1,Attention,query,base_model.model.bert.encoder.layer.1.attention.self.query.lora_E.default,12,0,12,0.0023777128662914038,0.0005575044197030365,1.8672911892281263e-06,8.185156730178278e-06,2.2407493815990165e-05
500,1,Attention,value,base_model.model.bert.encoder.layer.1.attention.self.value.lora_E.default,12,0,12,0.008542891591787338,0.0021348337177187204,2.321463944099378e-05,0.00010750971705419943,0.0002785756660159677
500,2,Attention,query,base_model.model.bert.encoder.layer.2.attention.self.query.lora_E.default,12,0,12,0.0034695451613515615,0.0007700442220084369,2.3417546799464617e-06,6.973924882913707e-06,2.810105615935754e-05
500,2,Attention,value,base_model.model.bert.encoder.layer.2.attention.self.value.lora_E.default,12,0,12,0.011002385057508945,0.0031594345346093178,5.879331729374826e-05,0.00031480196048505604,0.0007055198075249791
500,3,Attention,query,base_model.model.bert.encoder.layer.3.attention.self.query.lora_E.default,12,0,12,0.0027279325295239687,0.0003214807657059282,7.26764938008273e-07,3.1519223284703912e-06,8.721179256099276e-06
500,3,Attention,value,base_model.model.bert.encoder.layer.3.attention.self.value.lora_E.default,12,0,12,0.015438134782016277,0.0030575122218579054,5.5266882554860786e-05,0.00031133214361034334,0.0006632026052102447
500,4,Attention,query,base_model.model.bert.encoder.layer.4.attention.self.query.lora_E.default,12,0,12,0.0030280761420726776,0.000679649121593684,2.7892585876543308e-06,1.2381913620629348e-05,3.347110396134667e-05
500,4,Attention,value,base_model.model.bert.encoder.layer.4.attention.self.value.lora_E.default,12,0,12,0.01340237632393837,0.002035043202340603,3.9367107092402875e-05,0.0002285439259139821,0.0004724052851088345
500,5,Attention,query,base_model.model.bert.encoder.layer.5.attention.self.query.lora_E.default,12,0,12,0.0019512519938871264,0.0007963234675116837,1.6659337234159466e-06,1.0662881322787143e-05,1.999120468099136e-05
500,5,Attention,value,base_model.model.bert.encoder.layer.5.attention.self.value.lora_E.default,12,0,12,0.017978182062506676,0.002751575782895088,7.499464845750481e-05,0.0005222613690420985,0.0008999357814900577
500,6,Attention,query,base_model.model.bert.encoder.layer.6.attention.self.query.lora_E.default,12,0,12,0.0038037507329136133,0.001295229303650558,3.6274977901484817e-06,1.4540702977683395e-05,4.352997348178178e-05
500,6,Attention,value,base_model.model.bert.encoder.layer.6.attention.self.value.lora_E.default,12,0,12,0.02103840373456478,0.0038499480579048395,0.00011978278052993119,0.0007545752450823784,0.0014373933663591743
500,7,Attention,query,base_model.model.bert.encoder.layer.7.attention.self.query.lora_E.default,12,0,12,0.003252399154007435,0.0006090697133913636,1.7098005855586962e-06,6.590652446902823e-06,2.0517607481451705e-05
500,7,Attention,value,base_model.model.bert.encoder.layer.7.attention.self.value.lora_E.default,12,0,12,0.029402948915958405,0.007559137884527445,0.0003249801811762154,0.0017859861254692078,0.003899762174114585
500,8,Attention,query,base_model.model.bert.encoder.layer.8.attention.self.query.lora_E.default,12,0,12,0.004392518196254969,0.0011206065537407994,6.279438366618706e-06,3.4699209209065884e-05,7.535325858043507e-05
500,8,Attention,value,base_model.model.bert.encoder.layer.8.attention.self.value.lora_E.default,12,0,12,0.04856652021408081,0.021448858082294464,0.001499956357292831,0.007430084049701691,0.017999475821852684
500,9,Attention,query,base_model.model.bert.encoder.layer.9.attention.self.query.lora_E.default,12,0,12,0.007106073200702667,0.0008418264333158731,9.973471605917439e-06,5.573625094257295e-05,0.00011968165927100927
500,9,Attention,value,base_model.model.bert.encoder.layer.9.attention.self.value.lora_E.default,12,0,12,0.06506720930337906,0.03429729864001274,0.0025486114900559187,0.009194646961987019,0.0305833388119936
500,10,Attention,query,base_model.model.bert.encoder.layer.10.attention.self.query.lora_E.default,12,0,12,0.01443589385598898,0.0032549758907407522,0.00015263557725120336,0.0015708835562691092,0.0018316268688067794
500,10,Attention,value,base_model.model.bert.encoder.layer.10.attention.self.value.lora_E.default,12,0,12,0.0424586683511734,0.03867693245410919,0.002456118119880557,0.010092143900692463,0.02947341836988926
500,11,Attention,query,base_model.model.bert.encoder.layer.11.attention.self.query.lora_E.default,12,0,12,0.00764555623754859,0.0013369707157835364,2.429245796520263e-05,0.0002532573707867414,0.00029150949558243155
500,11,Attention,value,base_model.model.bert.encoder.layer.11.attention.self.value.lora_E.default,12,0,12,0.0652688592672348,0.06538036465644836,0.006345570087432861,0.03719932958483696,0.07614684104919434
750,0,Attention,query,base_model.model.bert.encoder.layer.0.attention.self.query.lora_E.default,12,0,12,0.0009543700725771487,0.0007048143888823688,9.57874931373226e-07,3.853280304610962e-06,1.1494498721731361e-05
750,0,Attention,value,base_model.model.bert.encoder.layer.0.attention.self.value.lora_E.default,12,0,12,0.007780421990901232,0.014758204109966755,0.0003811219066847116,0.002752105938270688,0.004573462996631861
750,1,Attention,query,base_model.model.bert.encoder.layer.1.attention.self.query.lora_E.default,12,0,12,0.0018722485983744264,0.0007264286396093667,1.068622623279225e-06,2.3555724055768223e-06,1.2823471479350701e-05
750,1,Attention,value,base_model.model.bert.encoder.layer.1.attention.self.value.lora_E.default,12,0,12,0.006353313103318214,0.00574905052781105,0.00014083714631851763,0.0016305296448990703,0.0016900458140298724
750,2,Attention,query,base_model.model.bert.encoder.layer.2.attention.self.query.lora_E.default,12,0,12,0.0012587421806529164,0.0007882228237576783,8.977406764643092e-07,3.01833142657415e-06,1.0772888344945386e-05
750,2,Attention,value,base_model.model.bert.encoder.layer.2.attention.self.value.lora_E.default,12,0,12,0.0119739705696702,0.009048107080161572,0.0002823733084369451,0.0029285005293786526,0.003388479817658663
750,3,Attention,query,base_model.model.bert.encoder.layer.3.attention.self.query.lora_E.default,12,0,12,0.0009417024557478726,0.000598760147113353,6.146485702629434e-07,2.381444801358157e-06,7.375782843155321e-06
750,3,Attention,value,base_model.model.bert.encoder.layer.3.attention.self.value.lora_E.default,12,0,12,0.011935252696275711,0.011934236623346806,0.0006419952842406929,0.005384316202253103,0.007703943643718958
750,4,Attention,query,base_model.model.bert.encoder.layer.4.attention.self.query.lora_E.default,12,0,12,0.001059876405633986,0.0009142315830104053,9.741876283442252e-07,2.731331960603711e-06,1.1690251085383352e-05
750,4,Attention,value,base_model.model.bert.encoder.layer.4.attention.self.value.lora_E.default,12,0,12,0.008595149032771587,0.010753572918474674,0.00020641331502702087,0.002228246070444584,0.0024769597221165895
750,5,Attention,query,base_model.model.bert.encoder.layer.5.attention.self.query.lora_E.default,12,0,12,0.001069020596332848,0.001261320780031383,1.177221065518097e-06,4.848006483371137e-06,1.4126652786217164e-05
750,5,Attention,value,base_model.model.bert.encoder.layer.5.attention.self.value.lora_E.default,12,0,12,0.01627754420042038,0.003431678516790271,1.6130688891280442e-05,9.171856072498485e-05,0.0001935682666953653
750,6,Attention,query,base_model.model.bert.encoder.layer.6.attention.self.query.lora_E.default,12,0,12,0.0006599955377168953,0.0009039864526130259,6.408561148418812e-07,1.9926894765376346e-06,7.690273378102574e-06
750,6,Attention,value,base_model.model.bert.encoder.layer.6.attention.self.value.lora_E.default,12,0,12,0.022875815629959106,0.011600423604249954,0.0006478521390818059,0.0038499650545418262,0.007774225901812315
750,7,Attention,query,base_model.model.bert.encoder.layer.7.attention.self.query.lora_E.default,12,0,12,0.0018090069061145186,0.0007451495621353388,1.5072931773829623e-06,4.289034677640302e-06,1.8087517673848197e-05
750,7,Attention,value,base_model.model.bert.encoder.layer.7.attention.self.value.lora_E.default,12,0,12,0.03989218547940254,0.01266414299607277,0.0010754800168797374,0.004978624638170004,0.012905760668218136
750,8,Attention,query,base_model.model.bert.encoder.layer.8.attention.self.query.lora_E.default,12,0,12,0.0013365597696974874,0.0008006044663488865,1.2473753940867027e-06,4.1060343392018694e-06,1.4968504729040433e-05
750,8,Attention,value,base_model.model.bert.encoder.layer.8.attention.self.value.lora_E.default,12,0,12,0.06200801953673363,0.023656854405999184,0.0024455839302390814,0.01380129437893629,0.02934700809419155
750,9,Attention,query,base_model.model.bert.encoder.layer.9.attention.self.query.lora_E.default,12,0,12,0.0017829163698479533,0.0011127046309411526,4.748231276607839e-06,3.855759496218525e-05,5.6978777138283476e-05
750,9,Attention,value,base_model.model.bert.encoder.layer.9.attention.self.value.lora_E.default,12,0,12,0.08349276334047318,0.03641709312796593,0.004048577509820461,0.02552291564643383,0.048582930117845535
750,10,Attention,query,base_model.model.bert.encoder.layer.10.attention.self.query.lora_E.default,12,0,12,0.009921249933540821,0.0010494851740077138,3.0026370950508863e-05,0.0003440533473622054,0.00036031645140610635
750,10,Attention,value,base_model.model.bert.encoder.layer.10.attention.self.value.lora_E.default,12,0,12,0.04192180931568146,0.025568360462784767,0.002094634110108018,0.012587052769958973,0.02513560838997364
750,11,Attention,query,base_model.model.bert.encoder.layer.11.attention.self.query.lora_E.default,12,0,12,0.0012646184768527746,0.00045251662959344685,4.467828205179103e-07,1.035396735460381e-06,5.361393959901761e-06
750,11,Attention,value,base_model.model.bert.encoder.layer.11.attention.self.value.lora_E.default,12,0,12,0.057512059807777405,0.019209498539566994,0.0014614731771871448,0.007902218028903008,0.01753767766058445
1000,0,Attention,query,base_model.model.bert.encoder.layer.0.attention.self.query.lora_E.default,12,0,12,2.873501398426015e-05,0.0007321317680180073,2.8638405424885605e-08,1.2891534595382836e-07,3.436608722040546e-07
1000,0,Attention,value,base_model.model.bert.encoder.layer.0.attention.self.value.lora_E.default,12,0,12,0.008857552893459797,0.006855922285467386,0.0002142851590178907,0.0013781888410449028,0.0025714219082146883
1000,1,Attention,query,base_model.model.bert.encoder.layer.1.attention.self.query.lora_E.default,12,0,12,4.642790008801967e-05,0.0006217109621502459,3.865275033376747e-08,1.4467700282239093e-07,4.6383300400520966e-07
1000,1,Attention,value,base_model.model.bert.encoder.layer.1.attention.self.value.lora_E.default,12,0,12,0.007315438706427813,0.004397164564579725,0.00020685508206952363,0.0024815471842885017,0.0024822610430419445
1000,2,Attention,query,base_model.model.bert.encoder.layer.2.attention.self.query.lora_E.default,12,0,12,2.8553709853440523e-05,0.0005703585338778794,1.3090627248857345e-08,3.283619420813011e-08,1.5708752698628814e-07
1000,2,Attention,value,base_model.model.bert.encoder.layer.2.attention.self.value.lora_E.default,12,0,12,0.014424205757677555,0.011737977154552937,0.0007586822030134499,0.006896601524204016,0.009104186668992043
1000,3,Attention,query,base_model.model.bert.encoder.layer.3.attention.self.query.lora_E.default,12,0,12,3.365084921824746e-05,0.0005646256031468511,2.0712741743977858e-08,6.309765865353256e-08,2.4855290803316166e-07
1000,3,Attention,value,base_model.model.bert.encoder.layer.3.attention.self.value.lora_E.default,12,0,12,0.012628037482500076,0.007502052932977676,0.0003913968976121396,0.004564969334751368,0.004696762654930353
1000,4,Attention,query,base_model.model.bert.encoder.layer.4.attention.self.query.lora_E.default,12,0,12,4.218120375298895e-05,0.0005527523462660611,1.8635686771517612e-08,4.5298204298660494e-08,2.236282483636387e-07
1000,4,Attention,value,base_model.model.bert.encoder.layer.4.attention.self.value.lora_E.default,12,0,12,0.007771927397698164,0.005759720224887133,0.0001288289640797302,0.001543316524475813,0.0015459475107491016
1000,5,Attention,query,base_model.model.bert.encoder.layer.5.attention.self.query.lora_E.default,12,0,12,5.227241854299791e-05,0.0007882816717028618,3.957187999503731e-08,1.3763317951998033e-07,4.748625599404477e-07
1000,5,Attention,value,base_model.model.bert.encoder.layer.5.attention.self.value.lora_E.default,12,0,12,0.016240177676081657,0.008192013017833233,0.00043130418634973466,0.0031759729608893394,0.005175650119781494
1000,6,Attention,query,base_model.model.bert.encoder.layer.6.attention.self.query.lora_E.default,12,0,12,4.4051794247934595e-05,0.0009960465831682086,4.93403824464167e-08,2.3477527122395259e-07,5.920845751461457e-07
1000,6,Attention,value,base_model.model.bert.encoder.layer.6.attention.self.value.lora_E.default,12,0,12,0.02431454323232174,0.01007811352610588,0.0006782244890928268,0.006715842988342047,0.008138693869113922
1000,7,Attention,query,base_model.model.bert.encoder.layer.7.attention.self.query.lora_E.default,12,0,12,4.0184546378441155e-05,0.0008046450093388557,3.1828033542069534e-08,7.079773212126383e-08,3.819363882939797e-07
1000,7,Attention,value,base_model.model.bert.encoder.layer.7.attention.self.value.lora_E.default,12,0,12,0.04199080541729927,0.00881772767752409,0.0007780162268318236,0.0030010140035301447,0.009336194954812527
1000,8,Attention,query,base_model.model.bert.encoder.layer.8.attention.self.query.lora_E.default,12,0,12,4.136893039685674e-05,0.0011505786096677184,4.550275889414479e-08,1.5173785072875035e-07,5.460331067297375e-07
1000,8,Attention,value,base_model.model.bert.encoder.layer.8.attention.self.value.lora_E.default,12,0,12,0.06494825333356857,0.02518577314913273,0.002662137383595109,0.008902421221137047,0.03194564953446388
1000,9,Attention,query,base_model.model.bert.encoder.layer.9.attention.self.query.lora_E.default,12,0,12,3.7488280213437974e-05,0.0009341030963696539,3.948929716557359e-08,1.9578048693347228e-07,4.738715801977378e-07
1000,9,Attention,value,base_model.model.bert.encoder.layer.9.attention.self.value.lora_E.default,12,0,12,0.08694762736558914,0.03420167788863182,0.0037699704989790916,0.019721057265996933,0.0452396459877491
1000,10,Attention,query,base_model.model.bert.encoder.layer.10.attention.self.query.lora_E.default,12,0,12,0.009000138379633427,0.0013148895232006907,7.053677836665884e-05,0.0008462672703899443,0.0008464413695037365
1000,10,Attention,value,base_model.model.bert.encoder.layer.10.attention.self.value.lora_E.default,12,0,12,0.04379773139953613,0.010333259589970112,0.0009448985219933093,0.009754616767168045,0.011338782496750355
1000,11,Attention,query,base_model.model.bert.encoder.layer.11.attention.self.query.lora_E.default,12,0,12,2.9802045901305974e-05,0.00035688813659362495,1.1125863785821366e-08,7.006798341535614e-08,1.3351036898257007e-07
1000,11,Attention,value,base_model.model.bert.encoder.layer.11.attention.self.value.lora_E.default,12,0,12,0.05964164808392525,0.012389550916850567,0.0013627199223265052,0.006848119664937258,0.016352638602256775
1250,0,Attention,query,base_model.model.bert.encoder.layer.0.attention.self.query.lora_E.default,12,0,12,2.576298538770061e-05,0.0016650417819619179,4.4560437117979745e-08,1.7230341597951337e-07,5.347252454157569e-07
1250,0,Attention,value,base_model.model.bert.encoder.layer.0.attention.self.value.lora_E.default,12,0,12,0.01052343100309372,0.03785864636301994,0.00203906511887908,0.01541565265506506,0.024468781426548958
1250,1,Attention,query,base_model.model.bert.encoder.layer.1.attention.self.query.lora_E.default,12,0,12,2.210500679211691e-05,0.0010688666952773929,2.934419818245715e-08,1.0316620802086618e-07,3.521303710840584e-07
1250,1,Attention,value,base_model.model.bert.encoder.layer.1.attention.self.value.lora_E.default,12,0,12,0.009003798477351665,0.01920294389128685,0.001390972756780684,0.01669049635529518,0.016691673547029495
1250,2,Attention,query,base_model.model.bert.encoder.layer.2.attention.self.query.lora_E.default,12,0,12,2.305787529621739e-05,0.001105939387343824,3.659716085735454e-08,2.2436761071276123e-07,4.3916594449910917e-07
1250,2,Attention,value,base_model.model.bert.encoder.layer.2.attention.self.value.lora_E.default,12,0,12,0.017136787995696068,0.047662924975156784,0.0035458568017929792,0.02170743979513645,0.042550280690193176
1250,3,Attention,query,base_model.model.bert.encoder.layer.3.attention.self.query.lora_E.default,12,0,12,2.9935823476989754e-05,0.0009344334830529988,2.497187523431421e-08,7.986147920746589e-08,2.9966250281177054e-07
1250,3,Attention,value,base_model.model.bert.encoder.layer.3.attention.self.value.lora_E.default,12,0,12,0.01415849570184946,0.03136943280696869,0.0014916161308065057,0.01723490282893181,0.017899394035339355
1250,4,Attention,query,base_model.model.bert.encoder.layer.4.attention.self.query.lora_E.default,12,0,12,2.8203030524309725e-05,0.0016617985675111413,5.7855206847534646e-08,2.3009783944871742e-07,6.942624963812705e-07
1250,4,Attention,value,base_model.model.bert.encoder.layer.4.attention.self.value.lora_E.default,12,0,12,0.008657134138047695,0.04553915187716484,0.0021587007213383913,0.025893231853842735,0.02590440772473812
1250,5,Attention,query,base_model.model.bert.encoder.layer.5.attention.self.query.lora_E.default,12,0,12,2.5989704226958565e-05,0.0022617976646870375,5.358885957207349e-08,1.6593851626112155e-07,6.430663006540271e-07
1250,5,Attention,value,base_model.model.bert.encoder.layer.5.attention.self.value.lora_E.default,12,0,12,0.017369255423545837,0.03583887964487076,0.0028359247371554375,0.01874888874590397,0.03403109684586525
1250,6,Attention,query,base_model.model.bert.encoder.layer.6.attention.self.query.lora_E.default,12,0,12,3.0966180929681286e-05,0.0018641374772414565,6.873067803780941e-08,4.1175960063810635e-07,8.247681080320035e-07
1250,6,Attention,value,base_model.model.bert.encoder.layer.6.attention.self.value.lora_E.default,12,0,12,0.0253946240991354,0.04197655990719795,0.0032299382146447897,0.02037268690764904,0.0387592576444149
1250,7,Attention,query,base_model.model.bert.encoder.layer.7.attention.self.query.lora_E.default,12,0,12,4.5106615289114416e-05,0.0011286574881523848,4.6568587208639656e-08,1.3375273510973784e-07,5.588230465036759e-07
1250,7,Attention,value,base_model.model.bert.encoder.layer.7.attention.self.value.lora_E.default,12,0,12,0.043149951845407486,0.033027779310941696,0.0030965451151132584,0.016223110258579254,0.0371585413813591
1250,8,Attention,query,base_model.model.bert.encoder.layer.8.attention.self.query.lora_E.default,12,0,12,2.939014848379884e-05,0.0009431187063455582,2.6363279559404873e-08,8.238394144655103e-08,3.163593476074311e-07
1250,8,Attention,value,base_model.model.bert.encoder.layer.8.attention.self.value.lora_E.default,12,0,12,0.06566154956817627,0.1014629602432251,0.011259599588811398,0.041945528239011765,0.13511519134044647
1250,9,Attention,query,base_model.model.bert.encoder.layer.9.attention.self.query.lora_E.default,12,0,12,3.746607399079949e-05,0.0008284677751362324,2.168910206989949e-08,5.387587620475642e-08,2.6026921773336653e-07
1250,9,Attention,value,base_model.model.bert.encoder.layer.9.attention.self.value.lora_E.default,12,0,12,0.0882921889424324,0.17122329771518707,0.019044047221541405,0.10496722161769867,0.22852857410907745
1250,10,Attention,query,base_model.model.bert.encoder.layer.10.attention.self.query.lora_E.default,12,0,12,0.0094722555950284,0.006453321781009436,0.00056232581846416,0.006747236009687185,0.00674790982156992
1250,10,Attention,value,base_model.model.bert.encoder.layer.10.attention.self.value.lora_E.default,12,0,12,0.04442371055483818,0.07539565116167068,0.0065436833538115025,0.025077354162931442,0.07852420210838318
1250,11,Attention,query,base_model.model.bert.encoder.layer.11.attention.self.query.lora_E.default,12,0,12,2.244248207716737e-05,0.0006456698756664991,1.4183549446045163e-08,6.156516718647254e-08,1.7020259690525563e-07
1250,11,Attention,value,base_model.model.bert.encoder.layer.11.attention.self.value.lora_E.default,12,0,12,0.060926612466573715,0.0828435942530632,0.009773915633559227,0.042240604758262634,0.11728698760271072
1500,0,Attention,query,base_model.model.bert.encoder.layer.0.attention.self.query.lora_E.default,12,0,12,2.5537365218042396e-05,0.001050568767823279,1.7036965616057387e-08,6.629134219338084e-08,2.0444358028726128e-07
1500,0,Attention,value,base_model.model.bert.encoder.layer.0.attention.self.value.lora_E.default,12,0,12,0.01083356887102127,0.008212076500058174,0.00029089386225678027,0.0021258180495351553,0.003490726463496685
1500,1,Attention,query,base_model.model.bert.encoder.layer.1.attention.self.query.lora_E.default,12,0,12,4.4771524699172005e-05,0.0007236969540826976,3.515566859846331e-08,1.8414162639146525e-07,4.218680373924144e-07
1500,1,Attention,value,base_model.model.bert.encoder.layer.1.attention.self.value.lora_E.default,12,0,12,0.00968234147876501,0.0032257845159620047,0.00012855457316618413,0.0015419573755934834,0.0015426548197865486
1500,2,Attention,query,base_model.model.bert.encoder.layer.2.attention.self.query.lora_E.default,12,0,12,2.8351701985229738e-05,0.0007028230465948582,2.386004105403572e-08,1.1862880455737468e-07,2.86320499753856e-07
1500,2,Attention,value,base_model.model.bert.encoder.layer.2.attention.self.value.lora_E.default,12,0,12,0.01913592219352722,0.0036168519873172045,0.00018359370005782694,0.0017248287331312895,0.0022031243424862623
1500,3,Attention,query,base_model.model.bert.encoder.layer.3.attention.self.query.lora_E.default,12,0,12,3.1542323995381594e-05,0.0005504676373675466,1.6666716007307514e-08,6.347135439455087e-08,2.000005849822628e-07
1500,3,Attention,value,base_model.model.bert.encoder.layer.3.attention.self.value.lora_E.default,12,0,12,0.01537809893488884,0.007993222214281559,0.00022824486950412393,0.001588724902831018,0.002738938434049487
1500,4,Attention,query,base_model.model.bert.encoder.layer.4.attention.self.query.lora_E.default,12,0,12,4.8399739171145484e-05,0.0007106116390787065,2.4612093696418924e-08,6.301728916469074e-08,2.9534513146245445e-07
1500,4,Attention,value,base_model.model.bert.encoder.layer.4.attention.self.value.lora_E.default,12,0,12,0.009125260636210442,0.008278586901724339,0.00027700208011083305,0.0033217279706150293,0.0033240250777453184
1500,5,Attention,query,base_model.model.bert.encoder.layer.5.attention.self.query.lora_E.default,12,0,12,2.530876372475177e-05,0.0008744533988647163,2.4293575151546065e-08,9.679582291255429e-08,2.915228947131254e-07
1500,5,Attention,value,base_model.model.bert.encoder.layer.5.attention.self.value.lora_E.default,12,0,12,0.018140682950615883,0.005507306661456823,0.00026699519366957247,0.002440995303913951,0.003203942207619548
1500,6,Attention,query,base_model.model.bert.encoder.layer.6.attention.self.query.lora_E.default,12,0,12,3.0245691959862597e-05,0.0009353466448374093,2.838097579171972e-08,1.776538738340605e-07,3.40571716606064e-07
1500,6,Attention,value,base_model.model.bert.encoder.layer.6.attention.self.value.lora_E.default,12,0,12,0.026673099026083946,0.005458225030452013,0.0003078335721511394,0.001750987023115158,0.0036940027493983507
1500,7,Attention,query,base_model.model.bert.encoder.layer.7.attention.self.query.lora_E.default,12,0,12,2.8680753530352376e-05,0.000606363348197192,1.9244502880155778e-08,6.034527189058281e-08,2.3093403456186934e-07
1500,7,Attention,value,base_model.model.bert.encoder.layer.7.attention.self.value.lora_E.default,12,0,12,0.04439075291156769,0.007185362279415131,0.0005967292236164212,0.0020155704114586115,0.007160750683397055
1500,8,Attention,query,base_model.model.bert.encoder.layer.8.attention.self.query.lora_E.default,12,0,12,2.1129046217538416e-05,0.0010448126122355461,2.1321239884741772e-08,6.763961124534035e-08,2.558548715114739e-07
1500,8,Attention,value,base_model.model.bert.encoder.layer.8.attention.self.value.lora_E.default,12,0,12,0.0668870136141777,0.01865522749722004,0.002054990502074361,0.010130675509572029,0.024659885093569756
1500,9,Attention,query,base_model.model.bert.encoder.layer.9.attention.self.query.lora_E.default,12,0,12,2.2145139155327342e-05,0.0008816525223664939,1.1822691270424457e-08,5.875950392919549e-08,1.418722916923798e-07
1500,9,Attention,value,base_model.model.bert.encoder.layer.9.attention.self.value.lora_E.default,12,0,12,0.08992015570402145,0.013164018280804157,0.0013954610330983996,0.0057588969357311726,0.01674553193151951
1500,10,Attention,query,base_model.model.bert.encoder.layer.10.attention.self.query.lora_E.default,12,0,12,0.009931412525475025,0.0015697969356551766,6.866592593723908e-05,0.000823753303848207,0.0008239910821430385
1500,10,Attention,value,base_model.model.bert.encoder.layer.10.attention.self.value.lora_E.default,12,0,12,0.04553065076470375,0.013835308142006397,0.0013167840661481023,0.007045533508062363,0.015801409259438515
1500,11,Attention,query,base_model.model.bert.encoder.layer.11.attention.self.query.lora_E.default,12,0,12,2.3712893380434252e-05,0.0005925834993831813,1.8182403138666814e-08,1.7321600864761422e-07,2.181888305585744e-07
1500,11,Attention,value,base_model.model.bert.encoder.layer.11.attention.self.value.lora_E.default,12,0,12,0.0626281276345253,0.011449898593127728,0.0011978187831118703,0.007959388196468353,0.01437382586300373
1750,0,Attention,query,base_model.model.bert.encoder.layer.0.attention.self.query.lora_E.default,12,0,12,2.631527604535222e-05,0.0008799548377282917,2.0060268113297752e-08,6.183262968306735e-08,2.4072321025414567e-07
1750,0,Attention,value,base_model.model.bert.encoder.layer.0.attention.self.value.lora_E.default,12,0,12,0.01167133916169405,0.021658368408679962,0.0012508634245023131,0.014288723468780518,0.01501036062836647
1750,1,Attention,query,base_model.model.bert.encoder.layer.1.attention.self.query.lora_E.default,12,0,12,1.7823376765591092e-05,0.001360303838737309,1.970337670798017e-08,7.636278098743787e-08,2.3644051339033467e-07
1750,1,Attention,value,base_model.model.bert.encoder.layer.1.attention.self.value.lora_E.default,12,0,12,0.01084071397781372,0.018903823569417,0.0018767541041597724,0.022520149126648903,0.02252104878425598
1750,2,Attention,query,base_model.model.bert.encoder.layer.2.attention.self.query.lora_E.default,12,0,12,2.0551449779304676e-05,0.0007835542201064527,1.5430355659873385e-08,3.5589675206892935e-08,1.8516426791848062e-07
1750,2,Attention,value,base_model.model.bert.encoder.layer.2.attention.self.value.lora_E.default,12,0,12,0.02096882462501526,0.04980224743485451,0.005825720727443695,0.04972071945667267,0.06990864872932434
1750,3,Attention,query,base_model.model.bert.encoder.layer.3.attention.self.query.lora_E.default,12,0,12,2.2938853362575173e-05,0.0007941529038362205,1.7485964676211552e-08,5.0609262558509727e-08,2.0983158321996598e-07
1750,3,Attention,value,base_model.model.bert.encoder.layer.3.attention.self.value.lora_E.default,12,0,12,0.01630477048456669,0.01331792026758194,0.0007975444314070046,0.005682254675775766,0.009570533409714699
1750,4,Attention,query,base_model.model.bert.encoder.layer.4.attention.self.query.lora_E.default,12,0,12,1.5235828868753742e-05,0.0010394437704235315,1.5838699241044196e-08,7.588753447862473e-08,1.90064383787103e-07
1750,4,Attention,value,base_model.model.bert.encoder.layer.4.attention.self.value.lora_E.default,12,0,12,0.00957730133086443,0.011246737092733383,0.00010470711276866496,0.001255512936040759,0.0012564853532239795
1750,5,Attention,query,base_model.model.bert.encoder.layer.5.attention.self.query.lora_E.default,12,0,12,2.0206807676004246e-05,0.0008458563243038952,1.4733000597288992e-08,4.259026553654621e-08,1.767960071674679e-07
1750,5,Attention,value,base_model.model.bert.encoder.layer.5.attention.self.value.lora_E.default,12,0,12,0.01876646839082241,0.023104103282094002,0.0012663124362006783,0.007629304192960262,0.015195749700069427
1750,6,Attention,query,base_model.model.bert.encoder.layer.6.attention.self.query.lora_E.default,12,0,12,1.775196687958669e-05,0.0018196251476183534,2.4385679253668968e-08,8.222620095921229e-08,2.92628158149455e-07
1750,6,Attention,value,base_model.model.bert.encoder.layer.6.attention.self.value.lora_E.default,12,0,12,0.027468813583254814,0.014453794807195663,0.0010434798896312714,0.010844802483916283,0.012521758675575256
1750,7,Attention,query,base_model.model.bert.encoder.layer.7.attention.self.query.lora_E.default,12,0,12,1.342455198027892e-05,0.0009211532305926085,9.896969466183236e-09,2.4423815858654052e-08,1.1876363714691252e-07
1750,7,Attention,value,base_model.model.bert.encoder.layer.7.attention.self.value.lora_E.default,12,0,12,0.04602578654885292,0.024706758558750153,0.002541444031521678,0.009665099903941154,0.03049732930958271
1750,8,Attention,query,base_model.model.bert.encoder.layer.8.attention.self.query.lora_E.default,12,0,12,1.74751112353988e-05,0.0008450932218693197,1.381229264296735e-08,7.70776082958946e-08,1.6574750816289452e-07
1750,8,Attention,value,base_model.model.bert.encoder.layer.8.attention.self.value.lora_E.default,12,0,12,0.06806376576423645,0.06151851639151573,0.0069572157226502895,0.03183002397418022,0.08348658680915833
1750,9,Attention,query,base_model.model.bert.encoder.layer.9.attention.self.query.lora_E.default,12,0,12,2.4298889911733568e-05,0.001748946844600141,5.359982324648627e-08,3.2696206631044333e-07,6.431978931686899e-07
1750,9,Attention,value,base_model.model.bert.encoder.layer.9.attention.self.value.lora_E.default,12,0,12,0.09188935905694962,0.07140912115573883,0.007968015037477016,0.03013930842280388,0.0956161767244339
1750,10,Attention,query,base_model.model.bert.encoder.layer.10.attention.self.query.lora_E.default,12,0,12,0.010220546275377274,0.004135865718126297,0.00029917515348643064,0.0035897553898394108,0.0035901018418371677
1750,10,Attention,value,base_model.model.bert.encoder.layer.10.attention.self.value.lora_E.default,12,0,12,0.046402592211961746,0.05556501820683479,0.005175456404685974,0.019145412370562553,0.06210547685623169
1750,11,Attention,query,base_model.model.bert.encoder.layer.11.attention.self.query.lora_E.default,12,0,12,1.2345183677098248e-05,0.0013361885212361813,9.40917654901341e-09,2.9093053299789062e-08,1.1291012214087459e-07
1750,11,Attention,value,base_model.model.bert.encoder.layer.11.attention.self.value.lora_E.default,12,0,12,0.06353345513343811,0.07135118544101715,0.010107339359819889,0.05360589548945427,0.12128806859254837
2000,0,Attention,query,base_model.model.bert.encoder.layer.0.attention.self.query.lora_E.default,12,0,12,1.2182405043859035e-05,0.0006630631978623569,8.89541329485155e-09,2.4475468762830133e-08,1.0674496309093229e-07
2000,0,Attention,value,base_model.model.bert.encoder.layer.0.attention.self.value.lora_E.default,12,0,12,0.012125539593398571,0.011160999536514282,0.000666329578962177,0.0052594454027712345,0.00799595471471548
2000,1,Attention,query,base_model.model.bert.encoder.layer.1.attention.self.query.lora_E.default,12,0,12,1.4898017980158329e-05,0.0007468797266483307,9.919362220500716e-09,3.49420830048075e-08,1.1903235019872227e-07
2000,1,Attention,value,base_model.model.bert.encoder.layer.1.attention.self.value.lora_E.default,12,0,12,0.011279486119747162,0.0026331162080168724,0.00015919793804641813,0.0019100147765129805,0.0019103753147646785
2000,2,Attention,query,base_model.model.bert.encoder.layer.2.attention.self.query.lora_E.default,12,0,12,1.7295720681431703e-05,0.0006180426571518183,8.598028955475456e-09,3.3654227848956e-08,1.0317634746570548e-07
2000,2,Attention,value,base_model.model.bert.encoder.layer.2.attention.self.value.lora_E.default,12,0,12,0.021640382707118988,0.011899462901055813,0.001108607859350741,0.006975624244660139,0.013303293846547604
2000,3,Attention,query,base_model.model.bert.encoder.layer.3.attention.self.query.lora_E.default,12,0,12,1.594734021637123e-05,0.0003785917942877859,6.089716730883765e-09,1.9690189034804462e-08,7.307659899424834e-08
2000,3,Attention,value,base_model.model.bert.encoder.layer.3.attention.self.value.lora_E.default,12,0,12,0.01683410443365574,0.007093287538737059,0.0005551499198190868,0.006317507475614548,0.006661798804998398
2000,4,Attention,query,base_model.model.bert.encoder.layer.4.attention.self.query.lora_E.default,12,0,12,1.3034717994742095e-05,0.0007178788655437529,7.232904497556092e-09,2.196970783074903e-08,8.679485574702994e-08
2000,4,Attention,value,base_model.model.bert.encoder.layer.4.attention.self.value.lora_E.default,12,0,12,0.009840816259384155,0.0076184398494660854,0.000507378950715065,0.0060881380923092365,0.00608854740858078
2000,5,Attention,query,base_model.model.bert.encoder.layer.5.attention.self.query.lora_E.default,12,0,12,1.4834345165581908e-05,0.0007763984031043947,1.367222868253748e-08,5.935980595950241e-08,1.6406674774316343e-07
2000,5,Attention,value,base_model.model.bert.encoder.layer.5.attention.self.value.lora_E.default,12,0,12,0.019343098625540733,0.015501361340284348,0.001431188196875155,0.010376970283687115,0.017174258828163147
2000,6,Attention,query,base_model.model.bert.encoder.layer.6.attention.self.query.lora_E.default,12,0,12,2.246339681732934e-05,0.0006722747930325568,1.3917901497961793e-08,3.347029675637714e-08,1.6701481797554152e-07
2000,6,Attention,value,base_model.model.bert.encoder.layer.6.attention.self.value.lora_E.default,12,0,12,0.027981147170066833,0.015130569227039814,0.0012907098280265927,0.00810639001429081,0.0154885184019804
2000,7,Attention,query,base_model.model.bert.encoder.layer.7.attention.self.query.lora_E.default,12,0,12,1.845519545895513e-05,0.00044586858712136745,7.857364536789646e-09,1.8712572824597373e-08,9.428837444147575e-08
2000,7,Attention,value,base_model.model.bert.encoder.layer.7.attention.self.value.lora_E.default,12,0,12,0.04657632112503052,0.010572880506515503,0.0010931651340797544,0.0043677082285285,0.01311798207461834
2000,8,Attention,query,base_model.model.bert.encoder.layer.8.attention.self.query.lora_E.default,12,0,12,1.692555633781012e-05,0.0006784336292184889,1.4616450272342263e-08,7.445791538884805e-08,1.7539740326810715e-07
2000,8,Attention,value,base_model.model.bert.encoder.layer.8.attention.self.value.lora_E.default,12,0,12,0.06917596608400345,0.017130034044384956,0.0019325502216815948,0.006449535023421049,0.023190602660179138
2000,9,Attention,query,base_model.model.bert.encoder.layer.9.attention.self.query.lora_E.default,12,0,12,2.069905895041302e-05,0.001048654317855835,2.208578564477648e-08,1.098728645843039e-07,2.6502942773731775e-07
2000,9,Attention,value,base_model.model.bert.encoder.layer.9.attention.self.value.lora_E.default,12,0,12,0.0935385450720787,0.03658396005630493,0.0041860598139464855,0.02207758277654648,0.05023271590471268
2000,10,Attention,query,base_model.model.bert.encoder.layer.10.attention.self.query.lora_E.default,12,0,12,0.010633967816829681,0.0017459775554016232,0.0001429950789315626,0.0017158096889033914,0.0017159408889710903
2000,10,Attention,value,base_model.model.bert.encoder.layer.10.attention.self.value.lora_E.default,12,0,12,0.047461867332458496,0.014460663311183453,0.0013264367589727044,0.004503901116549969,0.01591724157333374
2000,11,Attention,query,base_model.model.bert.encoder.layer.11.attention.self.query.lora_E.default,12,0,12,1.9005163267138414e-05,0.0006124385399743915,1.0795658589302093e-08,5.4508134894604154e-08,1.2954789951891144e-07
2000,11,Attention,value,base_model.model.bert.encoder.layer.11.attention.self.value.lora_E.default,11,1,12,0.06452714651823044,0.02906152792274952,0.0035369291435927153,0.016622936353087425,0.04244314879179001
2250,0,Attention,query,base_model.model.bert.encoder.layer.0.attention.self.query.lora_E.default,12,0,12,1.424160655005835e-05,0.0006644403911195695,6.143945796566186e-09,1.868189869469461e-08,7.372734955879423e-08
2250,0,Attention,value,base_model.model.bert.encoder.layer.0.attention.self.value.lora_E.default,12,0,12,0.012484575621783733,0.013730655424296856,0.0008003648254089057,0.005720917135477066,0.009604377672076225
2250,1,Attention,query,base_model.model.bert.encoder.layer.1.attention.self.query.lora_E.default,12,0,12,1.607483318366576e-05,0.00037339236587285995,5.36129851624878e-09,1.4318521479594892e-08,6.433558041862852e-08
2250,1,Attention,value,base_model.model.bert.encoder.layer.1.attention.self.value.lora_E.default,12,0,12,0.011607930064201355,0.0033785514533519745,0.00024787921574898064,0.002974193077534437,0.0029745507054030895
2250,2,Attention,query,base_model.model.bert.encoder.layer.2.attention.self.query.lora_E.default,12,0,12,2.0149989722995088e-05,0.00033289266866631806,6.404183405805952e-09,2.713229463324751e-08,7.685019909331459e-08
2250,2,Attention,value,base_model.model.bert.encoder.layer.2.attention.self.value.lora_E.default,12,0,12,0.022461848333477974,0.002462632954120636,0.00014704413479194045,0.0017328858375549316,0.0017645296175032854
2250,3,Attention,query,base_model.model.bert.encoder.layer.3.attention.self.query.lora_E.default,12,0,12,2.347779991396237e-05,0.0003006925981026143,6.367927962713793e-09,2.323236536483364e-08,7.641513377620868e-08
2250,3,Attention,value,base_model.model.bert.encoder.layer.3.attention.self.value.lora_E.default,12,0,12,0.017575137317180634,0.006460689473897219,0.0005287860403768718,0.003998585976660252,0.006345432251691818
2250,4,Attention,query,base_model.model.bert.encoder.layer.4.attention.self.query.lora_E.default,12,0,12,1.6861096810316667e-05,0.0006117172888480127,1.4094664102515253e-08,8.167671694536693e-08,1.6913597278289672e-07
2250,4,Attention,value,base_model.model.bert.encoder.layer.4.attention.self.value.lora_E.default,12,0,12,0.010117189027369022,0.006872790399938822,0.00047254710807465017,0.005669688805937767,0.00567056518048048
2250,5,Attention,query,base_model.model.bert.encoder.layer.5.attention.self.query.lora_E.default,12,0,12,2.1087194909341633e-05,0.0008331499411724508,2.2642419494900423e-08,1.3748132232649368e-07,2.7170904104423244e-07
2250,5,Attention,value,base_model.model.bert.encoder.layer.5.attention.self.value.lora_E.default,12,0,12,0.019733920693397522,0.006796941161155701,0.0005724388174712658,0.0048008388839662075,0.0068692658096551895
2250,6,Attention,query,base_model.model.bert.encoder.layer.6.attention.self.query.lora_E.default,12,0,12,2.943939034594223e-05,0.0005012525361962616,1.3112376073820542e-08,3.309301277454324e-08,1.5734850933313282e-07
2250,6,Attention,value,base_model.model.bert.encoder.layer.6.attention.self.value.lora_E.default,12,0,12,0.028284966945648193,0.011498785577714443,0.0009631334687583148,0.005518784746527672,0.011557601392269135
2250,7,Attention,query,base_model.model.bert.encoder.layer.7.attention.self.query.lora_E.default,12,0,12,1.8869379346142523e-05,0.0008423356921412051,1.648057512682044e-08,4.5742087451117186e-08,1.9776690862727264e-07
2250,7,Attention,value,base_model.model.bert.encoder.layer.7.attention.self.value.lora_E.default,12,0,12,0.0472741574048996,0.015371759422123432,0.0016283901641145349,0.005770077928900719,0.019540682435035706
2250,8,Attention,query,base_model.model.bert.encoder.layer.8.attention.self.query.lora_E.default,12,0,12,1.2594329746207222e-05,0.000385769410058856,6.085544512757224e-09,4.209097070884127e-08,7.302653415308669e-08
2250,8,Attention,value,base_model.model.bert.encoder.layer.8.attention.self.value.lora_E.default,12,0,12,0.06997448951005936,0.03842804208397865,0.004425221588462591,0.019271017983555794,0.05310266092419624
2250,9,Attention,query,base_model.model.bert.encoder.layer.9.attention.self.query.lora_E.default,12,0,12,1.9022174456040375e-05,0.0010503710946068168,3.069478538009207e-08,2.105026908338914e-07,3.6833742456110485e-07
2250,9,Attention,value,base_model.model.bert.encoder.layer.9.attention.self.value.lora_E.default,12,0,12,0.09459569305181503,0.034554656594991684,0.0038651239592581987,0.01641167886555195,0.04638148844242096
2250,10,Attention,query,base_model.model.bert.encoder.layer.10.attention.self.query.lora_E.default,12,0,12,0.010871868580579758,0.002954555908218026,0.0002987805928569287,0.0035851949360221624,0.0035853669978678226
2250,10,Attention,value,base_model.model.bert.encoder.layer.10.attention.self.value.lora_E.default,12,0,12,0.0482863150537014,0.030732562765479088,0.002917912555858493,0.011882838793098927,0.03501494973897934
2250,11,Attention,query,base_model.model.bert.encoder.layer.11.attention.self.query.lora_E.default,12,0,12,1.6856987713254057e-05,0.0007805824861861765,1.4651869939541484e-08,1.1419555789871083e-07,1.7582243572178413e-07
2250,11,Attention,value,base_model.model.bert.encoder.layer.11.attention.self.value.lora_E.default,12,0,12,0.06526801735162735,0.03935326263308525,0.005820939317345619,0.03286966681480408,0.06985127180814743
2500,0,Attention,query,base_model.model.bert.encoder.layer.0.attention.self.query.lora_E.default,12,0,12,1.23919953693985e-05,0.0004715258255600929,6.737709057347274e-09,1.6972141025917153e-08,8.085250868816729e-08
2500,0,Attention,value,base_model.model.bert.encoder.layer.0.attention.self.value.lora_E.default,12,0,12,0.012600469402968884,0.005438096821308136,0.0003301591204944998,0.003027949947863817,0.0039619095623493195
2500,1,Attention,query,base_model.model.bert.encoder.layer.1.attention.self.query.lora_E.default,12,0,12,1.4656360690423753e-05,0.0006100476603023708,9.448172910708763e-09,4.309531931312449e-08,1.1337807848121884e-07
2500,1,Attention,value,base_model.model.bert.encoder.layer.1.attention.self.value.lora_E.default,12,0,12,0.011819672770798206,0.002072565723210573,7.001785706961527e-05,0.0008399984217248857,0.0008402143139392138
2500,2,Attention,query,base_model.model.bert.encoder.layer.2.attention.self.query.lora_E.default,12,0,12,1.1422102943470236e-05,0.00037349635385908186,4.8101722605053965e-09,2.0816326440353805e-08,5.77220689024216e-08
2500,2,Attention,value,base_model.model.bert.encoder.layer.2.attention.self.value.lora_E.default,12,0,12,0.022903157398104668,0.0027477715630084276,0.00015888542111497372,0.0014326248783618212,0.0019066251115873456
2500,3,Attention,query,base_model.model.bert.encoder.layer.3.attention.self.query.lora_E.default,12,0,12,1.2209428859932814e-05,0.00038838814361952245,4.529014052678804e-09,1.5208394543719805e-08,5.434817040850248e-08
2500,3,Attention,value,base_model.model.bert.encoder.layer.3.attention.self.value.lora_E.default,12,0,12,0.018157998099923134,0.007421581074595451,0.0005567032494582236,0.004380763508379459,0.006680438760668039
2500,4,Attention,query,base_model.model.bert.encoder.layer.4.attention.self.query.lora_E.default,12,0,12,9.133316780207679e-06,0.00045832261093892157,4.2997538862721285e-09,1.382929326609883e-08,5.15970448589087e-08
2500,4,Attention,value,base_model.model.bert.encoder.layer.4.attention.self.value.lora_E.default,12,0,12,0.010185428895056248,0.011477552354335785,0.0007467598188668489,0.008960465900599957,0.008961117826402187
2500,5,Attention,query,base_model.model.bert.encoder.layer.5.attention.self.query.lora_E.default,12,0,12,1.2675746802415233e-05,0.00042821222450584173,5.8086677690027955e-09,2.4624471350875865e-08,6.970401500439039e-08
2500,5,Attention,value,base_model.model.bert.encoder.layer.5.attention.self.value.lora_E.default,12,0,12,0.019956575706601143,0.006638528313487768,0.0005753636360168457,0.004530919715762138,0.0069043636322021484
2500,6,Attention,query,base_model.model.bert.encoder.layer.6.attention.self.query.lora_E.default,12,0,12,1.7975768059841357e-05,0.0005135885439813137,1.1502770291826891e-08,5.9285007125708944e-08,1.380332435019227e-07
2500,6,Attention,value,base_model.model.bert.encoder.layer.6.attention.self.value.lora_E.default,12,0,12,0.02854050137102604,0.005569847300648689,0.0004008208343293518,0.002971938345581293,0.0048098498955369
2500,7,Attention,query,base_model.model.bert.encoder.layer.7.attention.self.query.lora_E.default,12,0,12,1.0685494089557324e-05,0.0010144129628315568,9.749445695206305e-09,6.136184538263478e-08,1.1699334834247566e-07
2500,7,Attention,value,base_model.model.bert.encoder.layer.7.attention.self.value.lora_E.default,12,0,12,0.04801274463534355,0.010685120709240437,0.0010599448578432202,0.005551968235522509,0.012719337828457355
2500,8,Attention,query,base_model.model.bert.encoder.layer.8.attention.self.query.lora_E.default,12,0,12,1.6098711057566106e-05,0.0005228573572821915,7.303985416484693e-09,2.477613314511018e-08,8.764782677417315e-08
2500,8,Attention,value,base_model.model.bert.encoder.layer.8.attention.self.value.lora_E.default,12,0,12,0.0710623487830162,0.027175677940249443,0.003217412158846855,0.013096916489303112,0.03860894590616226
2500,9,Attention,query,base_model.model.bert.encoder.layer.9.attention.self.query.lora_E.default,12,0,12,1.0354954611102585e-05,0.0009090551175177097,6.996834667205576e-09,2.6535806441074783e-08,8.396201423011007e-08
2500,9,Attention,value,base_model.model.bert.encoder.layer.9.attention.self.value.lora_E.default,12,0,12,0.09590042382478714,0.05449293553829193,0.006533489096909761,0.035361308604478836,0.07840187102556229
2500,10,Attention,query,base_model.model.bert.encoder.layer.10.attention.self.query.lora_E.default,12,0,12,0.011106318794190884,0.0010666495654731989,6.099533857195638e-05,0.0007318807183764875,0.0007319440483115613
2500,10,Attention,value,base_model.model.bert.encoder.layer.10.attention.self.value.lora_E.default,12,0,12,0.049170270562171936,0.030459938570857048,0.0030882370192557573,0.012947197072207928,0.03705884516239166
2500,11,Attention,query,base_model.model.bert.encoder.layer.11.attention.self.query.lora_E.default,12,0,12,1.3090041647956241e-05,0.0003165377420373261,4.06997147095467e-09,1.61227298178801e-08,4.8839659427812876e-08
2500,11,Attention,value,base_model.model.bert.encoder.layer.11.attention.self.value.lora_E.default,12,0,12,0.06587594747543335,0.028316209092736244,0.0034888489171862602,0.013906775042414665,0.04186618700623512
2750,0,Attention,query,base_model.model.bert.encoder.layer.0.attention.self.query.lora_E.default,12,0,12,1.0843156815099064e-05,0.0009457431151531637,1.1500625340943316e-08,3.3438109170447206e-08,1.3800750764403347e-07
2750,0,Attention,value,base_model.model.bert.encoder.layer.0.attention.self.value.lora_E.default,12,0,12,0.012710850685834885,0.014004061929881573,0.0007693367078900337,0.006178944371640682,0.009232040494680405
2750,1,Attention,query,base_model.model.bert.encoder.layer.1.attention.self.query.lora_E.default,12,0,12,1.0351423952670302e-05,0.0008405458647757769,8.03094568624374e-09,3.4444131102873143e-08,9.637135178763856e-08
2750,1,Attention,value,base_model.model.bert.encoder.layer.1.attention.self.value.lora_E.default,12,0,12,0.01200843695551157,0.002261721296235919,1.8140148313250393e-05,0.0002174553374061361,0.0002176817797590047
2750,2,Attention,query,base_model.model.bert.encoder.layer.2.attention.self.query.lora_E.default,12,0,12,1.1499086213007104e-05,0.0006880692089907825,8.586295230372798e-09,3.77755569047622e-08,1.0303554631718725e-07
2750,2,Attention,value,base_model.model.bert.encoder.layer.2.attention.self.value.lora_E.default,12,0,12,0.023157209157943726,0.00656775152310729,0.00043945989455096424,0.004011339507997036,0.005273518618196249
2750,3,Attention,query,base_model.model.bert.encoder.layer.3.attention.self.query.lora_E.default,12,0,12,7.374244432867272e-06,0.0013603736879304051,8.593974420989525e-09,1.7825163567408708e-08,1.0312768949916062e-07
2750,3,Attention,value,base_model.model.bert.encoder.layer.3.attention.self.value.lora_E.default,12,0,12,0.018506616353988647,0.012656323611736298,0.001039740745909512,0.00927954725921154,0.012476888485252857
2750,4,Attention,query,base_model.model.bert.encoder.layer.4.attention.self.query.lora_E.default,12,0,12,8.137913937389385e-06,0.0011031521717086434,8.5384828096835e-09,2.521187347781506e-08,1.0246179016348833e-07
2750,4,Attention,value,base_model.model.bert.encoder.layer.4.attention.self.value.lora_E.default,12,0,12,0.010359955951571465,0.016202040016651154,0.0007514304015785456,0.009015698917210102,0.009017164818942547
2750,5,Attention,query,base_model.model.bert.encoder.layer.5.attention.self.query.lora_E.default,12,0,12,1.4138487131276634e-05,0.0010283897863700986,1.6904527555539062e-08,6.675871588868176e-08,2.0285432356104138e-07
2750,5,Attention,value,base_model.model.bert.encoder.layer.5.attention.self.value.lora_E.default,12,0,12,0.020318377763032913,0.008480369113385677,0.0006279107765294611,0.0058615547604858875,0.007534929551184177
2750,6,Attention,query,base_model.model.bert.encoder.layer.6.attention.self.query.lora_E.default,12,0,12,8.914171303331386e-06,0.0009969596285372972,7.2007666496176626e-09,1.8636955090300944e-08,8.640920157176879e-08
2750,6,Attention,value,base_model.model.bert.encoder.layer.6.attention.self.value.lora_E.default,12,0,12,0.02923409827053547,0.017205236479640007,0.001358542125672102,0.0098987752571702,0.016302505508065224
2750,7,Attention,query,base_model.model.bert.encoder.layer.7.attention.self.query.lora_E.default,12,0,12,8.353189514309634e-06,0.0009533325210213661,9.08135788790787e-09,2.5555436877766624e-08,1.0897629465489445e-07
2750,7,Attention,value,base_model.model.bert.encoder.layer.7.attention.self.value.lora_E.default,12,0,12,0.04874173924326897,0.015409894287586212,0.0015304995467886329,0.006395203061401844,0.018365994095802307
2750,8,Attention,query,base_model.model.bert.encoder.layer.8.attention.self.query.lora_E.default,12,0,12,9.270138434658293e-06,0.0007623362471349537,4.810811304878371e-09,1.6911865685642624e-08,5.772973565854045e-08
2750,8,Attention,value,base_model.model.bert.encoder.layer.8.attention.self.value.lora_E.default,12,0,12,0.07190211862325668,0.044600989669561386,0.005277000367641449,0.026645606383681297,0.06332400441169739
2750,9,Attention,query,base_model.model.bert.encoder.layer.9.attention.self.query.lora_E.default,12,0,12,1.4774853298149537e-05,0.0009457707055844367,1.489457446268716e-08,7.745812524717621e-08,1.7873489355224592e-07
2750,9,Attention,value,base_model.model.bert.encoder.layer.9.attention.self.value.lora_E.default,12,0,12,0.09677404165267944,0.05701559782028198,0.006867534946650267,0.024476997554302216,0.08241041749715805
2750,10,Attention,query,base_model.model.bert.encoder.layer.10.attention.self.query.lora_E.default,12,0,12,0.011266672052443027,0.0020473322365432978,0.00014487696171272546,0.0017384309321641922,0.0017385234823450446
2750,10,Attention,value,base_model.model.bert.encoder.layer.10.attention.self.value.lora_E.default,12,0,12,0.049719277769327164,0.034427791833877563,0.00347836478613317,0.015392734669148922,0.04174037650227547
2750,11,Attention,query,base_model.model.bert.encoder.layer.11.attention.self.query.lora_E.default,12,0,12,8.622570931038354e-06,0.0003800560662057251,3.5697242939392027e-09,1.2287400430466278e-08,4.283669241544885e-08
2750,11,Attention,value,base_model.model.bert.encoder.layer.11.attention.self.value.lora_E.default,12,0,12,0.0664059966802597,0.031822603195905685,0.004801813047379255,0.026568587869405746,0.05762175843119621
3000,0,Attention,query,base_model.model.bert.encoder.layer.0.attention.self.query.lora_E.default,12,0,12,5.915337624173844e-06,0.0015273602912202477,1.2420930950440834e-08,5.86533879243234e-08,1.4905117495800368e-07
3000,0,Attention,value,base_model.model.bert.encoder.layer.0.attention.self.value.lora_E.default,12,0,12,0.012865928001701832,0.009496587328612804,0.00041841878555715084,0.0034283914137631655,0.00502102542668581
3000,1,Attention,query,base_model.model.bert.encoder.layer.1.attention.self.query.lora_E.default,12,0,12,7.16939621270285e-06,0.001959512708708644,1.2001691196417141e-08,3.721325469996373e-08,1.4402029080429202e-07
3000,1,Attention,value,base_model.model.bert.encoder.layer.1.attention.self.value.lora_E.default,12,0,12,0.01213062647730112,0.01035634521394968,0.0008205336635001004,0.009846063330769539,0.009846404194831848
3000,2,Attention,query,base_model.model.bert.encoder.layer.2.attention.self.query.lora_E.default,12,0,12,9.218149898515549e-06,0.0013391837710514665,1.2963529805176677e-08,3.742850296362121e-08,1.555623612148338e-07
3000,2,Attention,value,base_model.model.bert.encoder.layer.2.attention.self.value.lora_E.default,12,0,12,0.02340451069176197,0.033803220838308334,0.003424685448408127,0.02601342834532261,0.04109622538089752
3000,3,Attention,query,base_model.model.bert.encoder.layer.3.attention.self.query.lora_E.default,12,0,12,7.284808361873729e-06,0.0020233376417309046,1.605623545231083e-08,4.9214094133276376e-08,1.926748183223026e-07
3000,3,Attention,value,base_model.model.bert.encoder.layer.3.attention.self.value.lora_E.default,12,0,12,0.01886439137160778,0.02800821326673031,0.0021499821450561285,0.017349550500512123,0.025799786671996117
3000,4,Attention,query,base_model.model.bert.encoder.layer.4.attention.self.query.lora_E.default,12,0,12,7.469579941243865e-06,0.0017263629706576467,1.0343022438519256e-08,3.862918163122231e-08,1.2411626926223107e-07
3000,4,Attention,value,base_model.model.bert.encoder.layer.4.attention.self.value.lora_E.default,12,0,12,0.010502036660909653,0.01590554416179657,0.00022117524349596351,0.0026524155400693417,0.0026541028637439013
3000,5,Attention,query,base_model.model.bert.encoder.layer.5.attention.self.query.lora_E.default,12,0,12,1.3052441317995545e-05,0.0011605481849983335,1.4870380482534529e-08,7.960657200101195e-08,1.7844456579041434e-07
3000,5,Attention,value,base_model.model.bert.encoder.layer.5.attention.self.value.lora_E.default,12,0,12,0.020545408129692078,0.008245446719229221,0.00048779023927636445,0.005716264247894287,0.005853482987731695
3000,6,Attention,query,base_model.model.bert.encoder.layer.6.attention.self.query.lora_E.default,12,0,12,7.1203244260686915e-06,0.0020988748874515295,1.299577245816863e-08,5.8865758489901054e-08,1.559492659453099e-07
3000,6,Attention,value,base_model.model.bert.encoder.layer.6.attention.self.value.lora_E.default,12,0,12,0.02964325249195099,0.03851914033293724,0.003666962729766965,0.02209111675620079,0.044003553688526154
3000,7,Attention,query,base_model.model.bert.encoder.layer.7.attention.self.query.lora_E.default,12,0,12,8.917036211641971e-06,0.0011042659170925617,1.1458898718785804e-08,5.648611178799001e-08,1.3750678817814332e-07
3000,7,Attention,value,base_model.model.bert.encoder.layer.7.attention.self.value.lora_E.default,12,0,12,0.04935884103178978,0.03945814073085785,0.004086692351847887,0.021007563918828964,0.049040310084819794
3000,8,Attention,query,base_model.model.bert.encoder.layer.8.attention.self.query.lora_E.default,12,0,12,6.930551990080858e-06,0.0013962960802018642,6.738584357179889e-09,1.9087602609602072e-08,8.086301050980182e-08
3000,8,Attention,value,base_model.model.bert.encoder.layer.8.attention.self.value.lora_E.default,12,0,12,0.07235957682132721,0.12075241655111313,0.014414484612643719,0.05740609019994736,0.17297381162643433
3000,9,Attention,query,base_model.model.bert.encoder.layer.9.attention.self.query.lora_E.default,12,0,12,4.783944405062357e-06,0.002447515493258834,1.2856208542189052e-08,5.8980436534739056e-08,1.5427450250626862e-07
3000,9,Attention,value,base_model.model.bert.encoder.layer.9.attention.self.value.lora_E.default,12,0,12,0.09747818857431412,0.1831062287092209,0.021750928834080696,0.11190914362668991,0.26101115345954895
3000,10,Attention,query,base_model.model.bert.encoder.layer.10.attention.self.query.lora_E.default,12,0,12,0.01146281510591507,0.005778823047876358,0.0006461048615165055,0.007753187790513039,0.007753258571028709
3000,10,Attention,value,base_model.model.bert.encoder.layer.10.attention.self.value.lora_E.default,12,0,12,0.05025933310389519,0.09331051260232925,0.009255489334464073,0.04202695190906525,0.11106587201356888
3000,11,Attention,query,base_model.model.bert.encoder.layer.11.attention.self.query.lora_E.default,12,0,12,6.582265541510424e-06,0.0007573824841529131,5.341599162989041e-09,2.866611303886657e-08,6.40991899558685e-08
3000,11,Attention,value,base_model.model.bert.encoder.layer.11.attention.self.value.lora_E.default,12,0,12,0.06695181131362915,0.08011558651924133,0.010523282922804356,0.05022403225302696,0.12627939879894257
3250,0,Attention,query,base_model.model.bert.encoder.layer.0.attention.self.query.lora_E.default,12,0,12,3.98775955545716e-06,0.0006634988239966333,2.717323033252228e-09,7.743008012539576e-09,3.2607875510848316e-08
3250,0,Attention,value,base_model.model.bert.encoder.layer.0.attention.self.value.lora_E.default,12,0,12,0.013093625195324421,0.0068407985381782055,0.0003726461436599493,0.003829128807410598,0.004471753723919392
3250,1,Attention,query,base_model.model.bert.encoder.layer.1.attention.self.query.lora_E.default,12,0,12,4.704828370449832e-06,0.0006282535032369196,2.5927116009683004e-09,6.826113896352126e-09,3.1112538323441186e-08
3250,1,Attention,value,base_model.model.bert.encoder.layer.1.attention.self.value.lora_E.default,12,0,12,0.012242734432220459,0.0020109883043915033,3.9355098124360666e-05,0.0004721954755950719,0.0004722611920442432
3250,2,Attention,query,base_model.model.bert.encoder.layer.2.attention.self.query.lora_E.default,12,0,12,4.869200438406551e-06,0.0004197272064629942,2.2365991281247943e-09,8.076394664158215e-09,2.6839190425675952e-08
3250,2,Attention,value,base_model.model.bert.encoder.layer.2.attention.self.value.lora_E.default,12,0,12,0.02367870695888996,0.01707303710281849,0.0018982564797624946,0.013682447373867035,0.022779077291488647
3250,3,Attention,query,base_model.model.bert.encoder.layer.3.attention.self.query.lora_E.default,12,0,12,5.693856564903399e-06,0.0005180789739824831,2.179197045037995e-09,5.671340286284021e-09,2.615036365227752e-08
3250,3,Attention,value,base_model.model.bert.encoder.layer.3.attention.self.value.lora_E.default,12,0,12,0.019029680639505386,0.010763462632894516,0.0008929160539992154,0.01010937336832285,0.010714992880821228
3250,4,Attention,query,base_model.model.bert.encoder.layer.4.attention.self.query.lora_E.default,12,0,12,5.065919594926527e-06,0.0008849902078509331,4.734246328297331e-09,9.698422509529792e-09,5.6810954163211136e-08
3250,4,Attention,value,base_model.model.bert.encoder.layer.4.attention.self.value.lora_E.default,12,0,12,0.010619253851473331,0.01685495674610138,0.0010736830299720168,0.012883379124104977,0.012884196825325489
3250,5,Attention,query,base_model.model.bert.encoder.layer.5.attention.self.query.lora_E.default,12,0,12,4.127597549086204e-06,0.0007038612384349108,2.7675193248200003e-09,7.629133769171403e-09,3.3210231009661584e-08
3250,5,Attention,value,base_model.model.bert.encoder.layer.5.attention.self.value.lora_E.default,12,0,12,0.020724007859826088,0.01918465457856655,0.0016288909828290343,0.013593669980764389,0.019546691328287125
3250,6,Attention,query,base_model.model.bert.encoder.layer.6.attention.self.query.lora_E.default,12,0,12,3.565784254533355e-06,0.0011158231645822525,4.080339621737039e-09,1.7498473781074608e-08,4.896407546084447e-08
3250,6,Attention,value,base_model.model.bert.encoder.layer.6.attention.self.value.lora_E.default,12,0,12,0.02987462840974331,0.030485665425658226,0.003328842343762517,0.017281046137213707,0.03994610905647278
3250,7,Attention,query,base_model.model.bert.encoder.layer.7.attention.self.query.lora_E.default,12,0,12,4.545963747659698e-06,0.0007372552645392716,3.390576708284243e-09,1.0982314613272592e-08,4.068692049941092e-08
3250,7,Attention,value,base_model.model.bert.encoder.layer.7.attention.self.value.lora_E.default,12,0,12,0.04962265491485596,0.02806144766509533,0.0032862292136996984,0.012003007344901562,0.03943474963307381
3250,8,Attention,query,base_model.model.bert.encoder.layer.8.attention.self.query.lora_E.default,12,0,12,5.203633918426931e-06,0.0012659264029935002,8.572750509472371e-09,3.543854631971044e-08,1.0287300966638213e-07
3250,8,Attention,value,base_model.model.bert.encoder.layer.8.attention.self.value.lora_E.default,12,0,12,0.07275434583425522,0.05462183058261871,0.006730993743985891,0.023592600598931313,0.08077192306518555
3250,9,Attention,query,base_model.model.bert.encoder.layer.9.attention.self.query.lora_E.default,12,0,12,3.224739657525788e-06,0.0008036201470531523,2.6946906928060343e-09,1.486685086149464e-08,3.233628831367241e-08
3250,9,Attention,value,base_model.model.bert.encoder.layer.9.attention.self.value.lora_E.default,12,0,12,0.0979899987578392,0.02247803844511509,0.0026396962348371744,0.007392224855720997,0.03167635574936867
3250,10,Attention,query,base_model.model.bert.encoder.layer.10.attention.self.query.lora_E.default,12,0,12,0.011610925197601318,0.003466869005933404,0.00032301709870807827,0.003876113798469305,0.003876205300912261
3250,10,Attention,value,base_model.model.bert.encoder.layer.10.attention.self.value.lora_E.default,12,0,12,0.05060869827866554,0.024584650993347168,0.00239749439060688,0.01093844510614872,0.028769932687282562
3250,11,Attention,query,base_model.model.bert.encoder.layer.11.attention.self.query.lora_E.default,12,0,12,3.662338713183999e-06,0.0009690068545751274,6.4080354356121916e-09,6.367593385903092e-08,7.689642700370314e-08
3250,11,Attention,value,base_model.model.bert.encoder.layer.11.attention.self.value.lora_E.default,12,0,12,0.06713711470365524,0.05797192454338074,0.009746075607836246,0.05232858285307884,0.11695291101932526
3500,0,Attention,query,base_model.model.bert.encoder.layer.0.attention.self.query.lora_E.default,12,0,12,9.955707582776085e-07,0.0006217453046701849,5.352693288607213e-10,1.64475666419861e-09,6.423231724284051e-09
3500,0,Attention,value,base_model.model.bert.encoder.layer.0.attention.self.value.lora_E.default,12,0,12,0.01321355625987053,0.009658334776759148,0.0006167750689201057,0.00418100506067276,0.007401300594210625
3500,1,Attention,query,base_model.model.bert.encoder.layer.1.attention.self.query.lora_E.default,12,0,12,2.3820443857403006e-06,0.0008876144420355558,2.5647786117133364e-09,7.952687397505542e-09,3.077734334056004e-08
3500,1,Attention,value,base_model.model.bert.encoder.layer.1.attention.self.value.lora_E.default,12,0,12,0.012308494187891483,0.007378406822681427,0.0008522791904397309,0.010227295570075512,0.010227350518107414
3500,2,Attention,query,base_model.model.bert.encoder.layer.2.attention.self.query.lora_E.default,12,0,12,1.8282752307641204e-06,0.0007257204852066934,1.5999935820687483e-09,6.566660992746165e-09,1.919992342891419e-08
3500,2,Attention,value,base_model.model.bert.encoder.layer.2.attention.self.value.lora_E.default,12,0,12,0.02376166731119156,0.010276862420141697,0.0010163196129724383,0.010032354854047298,0.012195835821330547
3500,3,Attention,query,base_model.model.bert.encoder.layer.3.attention.self.query.lora_E.default,11,1,12,1.0167699429075583e-06,0.0005703674978576601,3.701263739941396e-10,1.3227106077096096e-09,4.441516487929675e-09
3500,3,Attention,value,base_model.model.bert.encoder.layer.3.attention.self.value.lora_E.default,12,0,12,0.01920063979923725,0.005355184897780418,0.00036646879743784666,0.0034298808313906193,0.00439762556925416
3500,4,Attention,query,base_model.model.bert.encoder.layer.4.attention.self.query.lora_E.default,12,0,12,2.0539471279334975e-06,0.0008575399988330901,1.0868207445113853e-09,3.4514586744194276e-09,1.3041849378225834e-08
3500,4,Attention,value,base_model.model.bert.encoder.layer.4.attention.self.value.lora_E.default,12,0,12,0.010692800395190716,0.005907315760850906,0.00016051506099756807,0.0019260944100096822,0.001926180673763156
3500,5,Attention,query,base_model.model.bert.encoder.layer.5.attention.self.query.lora_E.default,12,0,12,1.9595909179770388e-06,0.0007873437716625631,1.4655689994924614e-09,7.680321267855561e-09,1.7586827993909537e-08
3500,5,Attention,value,base_model.model.bert.encoder.layer.5.attention.self.value.lora_E.default,12,0,12,0.020806455984711647,0.006061851978302002,0.00029243555036373436,0.0030100413132458925,0.0035092264879494905
3500,6,Attention,query,base_model.model.bert.encoder.layer.6.attention.self.query.lora_E.default,12,0,12,2.187223799410276e-06,0.0014105620793998241,3.823107608269538e-09,1.3478204330397148e-08,4.587728952287762e-08
3500,6,Attention,value,base_model.model.bert.encoder.layer.6.attention.self.value.lora_E.default,12,0,12,0.02997780777513981,0.008471899665892124,0.0007341988384723663,0.006736307870596647,0.008810386061668396
3500,7,Attention,query,base_model.model.bert.encoder.layer.7.attention.self.query.lora_E.default,12,0,12,1.5668497326259967e-06,0.0011830440489575267,1.695057316730697e-09,4.707874090570385e-09,2.0340687356679155e-08
3500,7,Attention,value,base_model.model.bert.encoder.layer.7.attention.self.value.lora_E.default,12,0,12,0.04978860914707184,0.02062995545566082,0.0021720801014453173,0.010623582638800144,0.026064960286021233
3500,8,Attention,query,base_model.model.bert.encoder.layer.8.attention.self.query.lora_E.default,12,0,12,2.5665585781098343e-06,0.0005011032335460186,1.7183662270880973e-09,8.053109290528937e-09,2.0620394280967957e-08
3500,8,Attention,value,base_model.model.bert.encoder.layer.8.attention.self.value.lora_E.default,12,0,12,0.07294931262731552,0.06387340277433395,0.007653081323951483,0.031616292893886566,0.09183697402477264
3500,9,Attention,query,base_model.model.bert.encoder.layer.9.attention.self.query.lora_E.default,11,1,12,2.51830442721257e-06,0.0006386120803654194,1.7924529638335684e-09,6.066378510638515e-09,2.150943601009203e-08
3500,9,Attention,value,base_model.model.bert.encoder.layer.9.attention.self.value.lora_E.default,12,0,12,0.09838378429412842,0.08723098039627075,0.010217824019491673,0.04843701794743538,0.12261389195919037
3500,10,Attention,query,base_model.model.bert.encoder.layer.10.attention.self.query.lora_E.default,12,0,12,0.011652779765427113,0.0031479476019740105,0.0003826481115538627,0.004591756034642458,0.004591777455061674
3500,10,Attention,value,base_model.model.bert.encoder.layer.10.attention.self.value.lora_E.default,12,0,12,0.05085372552275658,0.054334741085767746,0.00556280417367816,0.019372262060642242,0.06675364822149277
3500,11,Attention,query,base_model.model.bert.encoder.layer.11.attention.self.query.lora_E.default,12,0,12,2.9461964459187584e-06,0.0007291307556442916,3.595002295853078e-09,3.47110002962836e-08,4.314002666205852e-08
3500,11,Attention,value,base_model.model.bert.encoder.layer.11.attention.self.value.lora_E.default,12,0,12,0.06739490479230881,0.04441747069358826,0.006146511062979698,0.03607654199004173,0.07375813275575638
3750,0,Attention,query,base_model.model.bert.encoder.layer.0.attention.self.query.lora_E.default,9,3,12,2.773479046425109e-08,0.0011871419847011566,2.839550990174633e-11,8.462623657390367e-11,3.4074612575984986e-10
3750,0,Attention,value,base_model.model.bert.encoder.layer.0.attention.self.value.lora_E.default,10,2,12,0.013218771666288376,0.024546543136239052,0.0015797700034454465,0.01188211515545845,0.018957240507006645
3750,1,Attention,query,base_model.model.bert.encoder.layer.1.attention.self.query.lora_E.default,10,2,12,2.7836719596052717e-08,0.0013365921331569552,3.190765360261416e-11,1.006133995562486e-10,3.828918293535821e-10
3750,1,Attention,value,base_model.model.bert.encoder.layer.1.attention.self.value.lora_E.default,8,4,12,0.01233587320894003,0.007899308577179909,0.0007260608836077154,0.008712729439139366,0.00871273037046194
3750,2,Attention,query,base_model.model.bert.encoder.layer.2.attention.self.query.lora_E.default,10,2,12,2.3665814197215695e-08,0.0009009781642816961,2.2227738746827264e-11,7.780890515229899e-11,2.6673285802303326e-10
3750,2,Attention,value,base_model.model.bert.encoder.layer.2.attention.self.value.lora_E.default,12,0,12,0.02380342222750187,0.01969893090426922,0.0027692040894180536,0.032411109656095505,0.03323045000433922
3750,3,Attention,query,base_model.model.bert.encoder.layer.3.attention.self.query.lora_E.default,9,3,12,2.8762658033087973e-08,0.0012100361054763198,4.133154929419902e-11,1.4334704256935282e-10,4.959785915303883e-10
3750,3,Attention,value,base_model.model.bert.encoder.layer.3.attention.self.value.lora_E.default,9,3,12,0.019245794042944908,0.007162647321820259,0.0003983613569289446,0.0026725551579147577,0.004780336283147335
3750,4,Attention,query,base_model.model.bert.encoder.layer.4.attention.self.query.lora_E.default,10,2,12,2.0866940175778836e-08,0.0017029462615028024,2.9691287622979345e-11,6.705692251474105e-11,3.5629546535353995e-10
3750,4,Attention,value,base_model.model.bert.encoder.layer.4.attention.self.value.lora_E.default,9,3,12,0.010700825601816177,0.018624695017933846,0.0012556941946968436,0.015068328939378262,0.015068329870700836
3750,5,Attention,query,base_model.model.bert.encoder.layer.5.attention.self.query.lora_E.default,10,2,12,2.4512978313850908e-08,0.0008236133144237101,2.1623390578096036e-11,6.148553194362805e-11,2.5948068693715243e-10
3750,5,Attention,value,base_model.model.bert.encoder.layer.5.attention.self.value.lora_E.default,12,0,12,0.020833449438214302,0.01138086337596178,0.0008754974696785212,0.007873652502894402,0.010505969636142254
3750,6,Attention,query,base_model.model.bert.encoder.layer.6.attention.self.query.lora_E.default,9,3,12,1.8460818651533373e-08,0.0015527029754593968,2.318365464881733e-11,6.277953851219209e-11,2.7820384884691407e-10
3750,6,Attention,value,base_model.model.bert.encoder.layer.6.attention.self.value.lora_E.default,10,2,12,0.030014092102646828,0.010027541778981686,0.0005810324801132083,0.00272745406255126,0.0069723897613584995
3750,7,Attention,query,base_model.model.bert.encoder.layer.7.attention.self.query.lora_E.default,6,6,12,1.9374558846152468e-08,0.0005953770596534014,8.9243126777383e-12,2.640219987082304e-11,1.070917521328596e-10
3750,7,Attention,value,base_model.model.bert.encoder.layer.7.attention.self.value.lora_E.default,11,1,12,0.049855586141347885,0.012174524366855621,0.0012796090450137854,0.00677903788164258,0.015355308540165424
3750,8,Attention,query,base_model.model.bert.encoder.layer.8.attention.self.query.lora_E.default,10,2,12,1.898897927787857e-08,0.0011724206851795316,2.1411658904235686e-11,6.003750274707897e-11,2.5693991378972214e-10
3750,8,Attention,value,base_model.model.bert.encoder.layer.8.attention.self.value.lora_E.default,11,1,12,0.07302495092153549,0.03173888102173805,0.003809603862464428,0.013536514714360237,0.045715246349573135
3750,9,Attention,query,base_model.model.bert.encoder.layer.9.attention.self.query.lora_E.default,6,6,12,1.3779765772881092e-08,0.0007743399473838508,1.0728056464015534e-11,5.7742456649467755e-11,1.2873667409873946e-10
3750,9,Attention,value,base_model.model.bert.encoder.layer.9.attention.self.value.lora_E.default,11,1,12,0.09849425405263901,0.05780011788010597,0.006926687899976969,0.03471929952502251,0.08312025666236877
3750,10,Attention,query,base_model.model.bert.encoder.layer.10.attention.self.query.lora_E.default,9,3,12,0.011660411953926086,0.0006075626006349921,1.2967621842108201e-05,0.00015561126929242164,0.0001556114584673196
3750,10,Attention,value,base_model.model.bert.encoder.layer.10.attention.self.value.lora_E.default,10,2,12,0.0509222038090229,0.02534845471382141,0.002605161629617214,0.014198855496942997,0.03126193955540657
3750,11,Attention,query,base_model.model.bert.encoder.layer.11.attention.self.query.lora_E.default,8,4,12,1.5539258768626496e-08,0.0009281812817789614,1.0037024163189745e-11,2.6357518598252305e-11,1.204442934277239e-10
3750,11,Attention,value,base_model.model.bert.encoder.layer.11.attention.self.value.lora_E.default,8,4,12,0.06746629625558853,0.040853820741176605,0.005945146549493074,0.032765377312898636,0.07134176045656204
