step,layer,module_type,module_name,param_name,effective_rank,max_rank,mean_abs_lora_E,max_abs_lora_E
1125,0,Attention,query,base_model.model.bert.encoder.layer.0.attention.self.query.lora_E.default,8,8,0.012042504735291,0.037503495812416
1125,0,Attention,value,base_model.model.bert.encoder.layer.0.attention.self.value.lora_E.default,8,8,0.0241873506456613,0.0398613400757312
1125,0,FFN,intermediate,base_model.model.bert.encoder.layer.0.intermediate.dense.lora_E.default,8,8,0.0389305502176284,0.0492607057094574
1125,0,FFN,output,base_model.model.bert.encoder.layer.0.output.dense.lora_E.default,8,8,0.025862144306302,0.0500140003859996
1125,1,Attention,query,base_model.model.bert.encoder.layer.1.attention.self.query.lora_E.default,8,8,0.0086172735318541,0.0220566894859075
1125,1,Attention,value,base_model.model.bert.encoder.layer.1.attention.self.value.lora_E.default,8,8,0.0224859844893217,0.0440715588629245
1125,1,FFN,intermediate,base_model.model.bert.encoder.layer.1.intermediate.dense.lora_E.default,8,8,0.0311029218137264,0.05313491076231
1125,1,FFN,output,base_model.model.bert.encoder.layer.1.output.dense.lora_E.default,8,8,0.0140011329203844,0.0268312618136405
1125,2,Attention,query,base_model.model.bert.encoder.layer.2.attention.self.query.lora_E.default,8,8,0.0075800912454724,0.0111036738380789
1125,2,Attention,value,base_model.model.bert.encoder.layer.2.attention.self.value.lora_E.default,8,8,0.0183352474123239,0.0470395274460315
1125,2,FFN,intermediate,base_model.model.bert.encoder.layer.2.intermediate.dense.lora_E.default,8,8,0.0294783990830183,0.0658894032239914
1125,2,FFN,output,base_model.model.bert.encoder.layer.2.output.dense.lora_E.default,8,8,0.0155271552503108,0.0454781576991081
1125,3,Attention,query,base_model.model.bert.encoder.layer.3.attention.self.query.lora_E.default,8,8,0.0066309878602623,0.0152806788682937
1125,3,Attention,value,base_model.model.bert.encoder.layer.3.attention.self.value.lora_E.default,8,8,0.0200308375060558,0.0404808893799781
1125,3,FFN,intermediate,base_model.model.bert.encoder.layer.3.intermediate.dense.lora_E.default,8,8,0.0352905392646789,0.0558362007141113
1125,3,FFN,output,base_model.model.bert.encoder.layer.3.output.dense.lora_E.default,8,8,0.0238556805998086,0.0549760237336158
1125,4,Attention,query,base_model.model.bert.encoder.layer.4.attention.self.query.lora_E.default,8,8,0.0097586084157228,0.0222804397344589
1125,4,Attention,value,base_model.model.bert.encoder.layer.4.attention.self.value.lora_E.default,8,8,0.0249373242259025,0.0737999826669693
1125,4,FFN,intermediate,base_model.model.bert.encoder.layer.4.intermediate.dense.lora_E.default,8,8,0.0327076092362403,0.0532757826149463
1125,4,FFN,output,base_model.model.bert.encoder.layer.4.output.dense.lora_E.default,8,8,0.0226203259080648,0.0530346259474754
1125,5,Attention,query,base_model.model.bert.encoder.layer.5.attention.self.query.lora_E.default,8,8,0.009097347036004,0.021961759775877
1125,5,Attention,value,base_model.model.bert.encoder.layer.5.attention.self.value.lora_E.default,8,8,0.0325272120535373,0.065167635679245
1125,5,FFN,intermediate,base_model.model.bert.encoder.layer.5.intermediate.dense.lora_E.default,8,8,0.0302572958171367,0.0609192624688148
1125,5,FFN,output,base_model.model.bert.encoder.layer.5.output.dense.lora_E.default,8,8,0.0359580032527446,0.0640305504202842
1125,6,Attention,query,base_model.model.bert.encoder.layer.6.attention.self.query.lora_E.default,8,8,0.0069160829298198,0.0148386266082525
1125,6,Attention,value,base_model.model.bert.encoder.layer.6.attention.self.value.lora_E.default,8,8,0.046160489320755,0.069576621055603
1125,6,FFN,intermediate,base_model.model.bert.encoder.layer.6.intermediate.dense.lora_E.default,8,8,0.057790495455265,0.0772485136985778
1125,6,FFN,output,base_model.model.bert.encoder.layer.6.output.dense.lora_E.default,8,8,0.044393490999937,0.073239080607891
1125,7,Attention,query,base_model.model.bert.encoder.layer.7.attention.self.query.lora_E.default,8,8,0.0054031070321798,0.0200513154268264
1125,7,Attention,value,base_model.model.bert.encoder.layer.7.attention.self.value.lora_E.default,8,8,0.0514376200735569,0.0761037170886993
1125,7,FFN,intermediate,base_model.model.bert.encoder.layer.7.intermediate.dense.lora_E.default,8,8,0.0506253950297832,0.0904295444488525
1125,7,FFN,output,base_model.model.bert.encoder.layer.7.output.dense.lora_E.default,8,8,0.0361488908529281,0.0700143799185752
1125,8,Attention,query,base_model.model.bert.encoder.layer.8.attention.self.query.lora_E.default,8,8,0.0121272280812263,0.0247116796672344
1125,8,Attention,value,base_model.model.bert.encoder.layer.8.attention.self.value.lora_E.default,8,8,0.0403488241136074,0.0871196836233139
1125,8,FFN,intermediate,base_model.model.bert.encoder.layer.8.intermediate.dense.lora_E.default,8,8,0.0741550028324127,0.0974169224500656
1125,8,FFN,output,base_model.model.bert.encoder.layer.8.output.dense.lora_E.default,8,8,0.0461135581135749,0.0919426083564758
1125,9,Attention,query,base_model.model.bert.encoder.layer.9.attention.self.query.lora_E.default,8,8,0.0105229225009679,0.0244368333369493
1125,9,Attention,value,base_model.model.bert.encoder.layer.9.attention.self.value.lora_E.default,8,8,0.0505930632352829,0.0796461775898933
1125,9,FFN,intermediate,base_model.model.bert.encoder.layer.9.intermediate.dense.lora_E.default,8,8,0.0782440900802612,0.1152595803141594
1125,9,FFN,output,base_model.model.bert.encoder.layer.9.output.dense.lora_E.default,8,8,0.0434949100017547,0.0794590339064598
1125,10,Attention,query,base_model.model.bert.encoder.layer.10.attention.self.query.lora_E.default,8,8,0.0233942214399576,0.0609985142946243
1125,10,Attention,value,base_model.model.bert.encoder.layer.10.attention.self.value.lora_E.default,8,8,0.0510220229625701,0.0869557112455368
1125,10,FFN,intermediate,base_model.model.bert.encoder.layer.10.intermediate.dense.lora_E.default,8,8,0.0603398866951465,0.0891665369272232
1125,10,FFN,output,base_model.model.bert.encoder.layer.10.output.dense.lora_E.default,8,8,0.0306609142571687,0.0617536678910255
1125,11,Attention,query,base_model.model.bert.encoder.layer.11.attention.self.query.lora_E.default,8,8,0.0149457631632685,0.0450262762606143
1125,11,Attention,value,base_model.model.bert.encoder.layer.11.attention.self.value.lora_E.default,8,8,0.0547563731670379,0.0841683223843574
1125,11,FFN,intermediate,base_model.model.bert.encoder.layer.11.intermediate.dense.lora_E.default,8,8,0.0856678038835525,0.1173511147499084
1125,11,FFN,output,base_model.model.bert.encoder.layer.11.output.dense.lora_E.default,8,8,0.0574464276432991,0.0944146290421485
