step,layer,module_type,module_name,param_name,effective_rank,zero_count,max_rank,mean_abs_lora_E,max_abs_lora_E,min_abs_lora_E
0,0,Attention,query,base_model.model.bert.encoder.layer.0.attention.self.query.lora_E.default,0,12,12,0.0,0.0,0.0
0,0,Attention,value,base_model.model.bert.encoder.layer.0.attention.self.value.lora_E.default,0,12,12,0.0,0.0,0.0
0,1,Attention,query,base_model.model.bert.encoder.layer.1.attention.self.query.lora_E.default,0,12,12,0.0,0.0,0.0
0,1,Attention,value,base_model.model.bert.encoder.layer.1.attention.self.value.lora_E.default,0,12,12,0.0,0.0,0.0
0,2,Attention,query,base_model.model.bert.encoder.layer.2.attention.self.query.lora_E.default,0,12,12,0.0,0.0,0.0
0,2,Attention,value,base_model.model.bert.encoder.layer.2.attention.self.value.lora_E.default,0,12,12,0.0,0.0,0.0
0,3,Attention,query,base_model.model.bert.encoder.layer.3.attention.self.query.lora_E.default,0,12,12,0.0,0.0,0.0
0,3,Attention,value,base_model.model.bert.encoder.layer.3.attention.self.value.lora_E.default,0,12,12,0.0,0.0,0.0
0,4,Attention,query,base_model.model.bert.encoder.layer.4.attention.self.query.lora_E.default,0,12,12,0.0,0.0,0.0
0,4,Attention,value,base_model.model.bert.encoder.layer.4.attention.self.value.lora_E.default,0,12,12,0.0,0.0,0.0
0,5,Attention,query,base_model.model.bert.encoder.layer.5.attention.self.query.lora_E.default,0,12,12,0.0,0.0,0.0
0,5,Attention,value,base_model.model.bert.encoder.layer.5.attention.self.value.lora_E.default,0,12,12,0.0,0.0,0.0
0,6,Attention,query,base_model.model.bert.encoder.layer.6.attention.self.query.lora_E.default,0,12,12,0.0,0.0,0.0
0,6,Attention,value,base_model.model.bert.encoder.layer.6.attention.self.value.lora_E.default,0,12,12,0.0,0.0,0.0
0,7,Attention,query,base_model.model.bert.encoder.layer.7.attention.self.query.lora_E.default,0,12,12,0.0,0.0,0.0
0,7,Attention,value,base_model.model.bert.encoder.layer.7.attention.self.value.lora_E.default,0,12,12,0.0,0.0,0.0
0,8,Attention,query,base_model.model.bert.encoder.layer.8.attention.self.query.lora_E.default,0,12,12,0.0,0.0,0.0
0,8,Attention,value,base_model.model.bert.encoder.layer.8.attention.self.value.lora_E.default,0,12,12,0.0,0.0,0.0
0,9,Attention,query,base_model.model.bert.encoder.layer.9.attention.self.query.lora_E.default,0,12,12,0.0,0.0,0.0
0,9,Attention,value,base_model.model.bert.encoder.layer.9.attention.self.value.lora_E.default,0,12,12,0.0,0.0,0.0
0,10,Attention,query,base_model.model.bert.encoder.layer.10.attention.self.query.lora_E.default,0,12,12,0.0,0.0,0.0
0,10,Attention,value,base_model.model.bert.encoder.layer.10.attention.self.value.lora_E.default,0,12,12,0.0,0.0,0.0
0,11,Attention,query,base_model.model.bert.encoder.layer.11.attention.self.query.lora_E.default,0,12,12,0.0,0.0,0.0
0,11,Attention,value,base_model.model.bert.encoder.layer.11.attention.self.value.lora_E.default,0,12,12,0.0,0.0,0.0
250,0,Attention,query,base_model.model.bert.encoder.layer.0.attention.self.query.lora_E.default,12,0,12,0.0012783502461388707,0.0028034066781401634,4.746275408251677e-06
250,0,Attention,value,base_model.model.bert.encoder.layer.0.attention.self.value.lora_E.default,12,0,12,0.0021833819337189198,0.004884111229330301,1.598485505382996e-05
250,1,Attention,query,base_model.model.bert.encoder.layer.1.attention.self.query.lora_E.default,12,0,12,0.001266202423721552,0.004103686660528183,3.0983230772108072e-06
250,1,Attention,value,base_model.model.bert.encoder.layer.1.attention.self.value.lora_E.default,12,0,12,0.002516012405976653,0.005609468091279268,0.000507005606777966
250,2,Attention,query,base_model.model.bert.encoder.layer.2.attention.self.query.lora_E.default,12,0,12,0.0015932429814711213,0.004102426115423441,4.86275166622363e-06
250,2,Attention,value,base_model.model.bert.encoder.layer.2.attention.self.value.lora_E.default,12,0,12,0.002834622748196125,0.007422748953104019,4.3329997424734756e-05
250,3,Attention,query,base_model.model.bert.encoder.layer.3.attention.self.query.lora_E.default,12,0,12,0.001413656515069306,0.003619604744017124,2.9183534024923574e-06
250,3,Attention,value,base_model.model.bert.encoder.layer.3.attention.self.value.lora_E.default,12,0,12,0.0028308231849223375,0.00567949702963233,4.2031449993373826e-05
250,4,Attention,query,base_model.model.bert.encoder.layer.4.attention.self.query.lora_E.default,12,0,12,0.0015190386911854148,0.004857282619923353,2.203738404205069e-05
250,4,Attention,value,base_model.model.bert.encoder.layer.4.attention.self.value.lora_E.default,12,0,12,0.0023543958086520433,0.004573788959532976,2.6332329071010463e-05
250,5,Attention,query,base_model.model.bert.encoder.layer.5.attention.self.query.lora_E.default,12,0,12,0.0015691476874053478,0.006320307031273842,4.097933015145827e-07
250,5,Attention,value,base_model.model.bert.encoder.layer.5.attention.self.value.lora_E.default,12,0,12,0.002593540120869875,0.006977079436182976,4.533792434813222e-06
250,6,Attention,query,base_model.model.bert.encoder.layer.6.attention.self.query.lora_E.default,12,0,12,0.0012822283897548914,0.0036887768656015396,1.6246089273863618e-07
250,6,Attention,value,base_model.model.bert.encoder.layer.6.attention.self.value.lora_E.default,12,0,12,0.0035177096724510193,0.0073922667652368546,0.0009604344959370792
250,7,Attention,query,base_model.model.bert.encoder.layer.7.attention.self.query.lora_E.default,12,0,12,0.0021845875307917595,0.005915896967053413,5.80508367420407e-06
250,7,Attention,value,base_model.model.bert.encoder.layer.7.attention.self.value.lora_E.default,12,0,12,0.004607656970620155,0.008757561445236206,0.0009539465536363423
250,8,Attention,query,base_model.model.bert.encoder.layer.8.attention.self.query.lora_E.default,12,0,12,0.001503454870544374,0.004863471258431673,1.29776753965416e-05
250,8,Attention,value,base_model.model.bert.encoder.layer.8.attention.self.value.lora_E.default,12,0,12,0.004809825215488672,0.011536681093275547,0.00021555238345172256
250,9,Attention,query,base_model.model.bert.encoder.layer.9.attention.self.query.lora_E.default,12,0,12,0.0032706151250749826,0.007307514548301697,7.770398951834068e-05
250,9,Attention,value,base_model.model.bert.encoder.layer.9.attention.self.value.lora_E.default,12,0,12,0.00462896516546607,0.012381432577967644,1.945671556313755e-06
250,10,Attention,query,base_model.model.bert.encoder.layer.10.attention.self.query.lora_E.default,12,0,12,0.00353341200388968,0.009308216162025928,2.6365765734226443e-05
250,10,Attention,value,base_model.model.bert.encoder.layer.10.attention.self.value.lora_E.default,12,0,12,0.005864881444722414,0.01385023258626461,0.00017780477355699986
250,11,Attention,query,base_model.model.bert.encoder.layer.11.attention.self.query.lora_E.default,12,0,12,0.0013523962115868926,0.006225756835192442,8.107834219117649e-06
250,11,Attention,value,base_model.model.bert.encoder.layer.11.attention.self.value.lora_E.default,12,0,12,0.0060785855166614056,0.014274678193032742,0.0012222259538248181
500,0,Attention,query,base_model.model.bert.encoder.layer.0.attention.self.query.lora_E.default,12,0,12,0.0010429901303723454,0.011802022345364094,1.0912000107055064e-05
500,0,Attention,value,base_model.model.bert.encoder.layer.0.attention.self.value.lora_E.default,12,0,12,0.00951495673507452,0.027282044291496277,7.893495421740226e-06
500,1,Attention,query,base_model.model.bert.encoder.layer.1.attention.self.query.lora_E.default,12,0,12,0.001876889611594379,0.011214140802621841,2.3514326130680274e-06
500,1,Attention,value,base_model.model.bert.encoder.layer.1.attention.self.value.lora_E.default,12,0,12,0.008413122035562992,0.022351065650582314,7.534267206210643e-05
500,2,Attention,query,base_model.model.bert.encoder.layer.2.attention.self.query.lora_E.default,12,0,12,9.958268492482603e-05,0.0002093324437737465,1.4326042219181545e-05
500,2,Attention,value,base_model.model.bert.encoder.layer.2.attention.self.value.lora_E.default,12,0,12,0.012599647976458073,0.03308204561471939,7.075732719385996e-05
500,3,Attention,query,base_model.model.bert.encoder.layer.3.attention.self.query.lora_E.default,12,0,12,4.844948125537485e-05,9.914203837979585e-05,3.7847692624382034e-07
500,3,Attention,value,base_model.model.bert.encoder.layer.3.attention.self.value.lora_E.default,12,0,12,0.01423245295882225,0.03833354264497757,7.418893073918298e-05
500,4,Attention,query,base_model.model.bert.encoder.layer.4.attention.self.query.lora_E.default,12,0,12,0.0022057185415178537,0.011169015429913998,3.6550125059875427e-06
500,4,Attention,value,base_model.model.bert.encoder.layer.4.attention.self.value.lora_E.default,12,0,12,0.014753448776900768,0.04210427775979042,0.00014407264825422317
500,5,Attention,query,base_model.model.bert.encoder.layer.5.attention.self.query.lora_E.default,12,0,12,0.0011554372031241655,0.0132483234629035,2.2467904727818677e-06
500,5,Attention,value,base_model.model.bert.encoder.layer.5.attention.self.value.lora_E.default,12,0,12,0.01912022940814495,0.04891105368733406,1.9830995370284654e-05
500,6,Attention,query,base_model.model.bert.encoder.layer.6.attention.self.query.lora_E.default,12,0,12,0.002893920987844467,0.01410270668566227,4.1141272959066555e-05
500,6,Attention,value,base_model.model.bert.encoder.layer.6.attention.self.value.lora_E.default,12,0,12,0.022042399272322655,0.05808461830019951,0.006680021993815899
500,7,Attention,query,base_model.model.bert.encoder.layer.7.attention.self.query.lora_E.default,12,0,12,0.0020201175939291716,0.01685025915503502,9.355439033242874e-06
500,7,Attention,value,base_model.model.bert.encoder.layer.7.attention.self.value.lora_E.default,12,0,12,0.029412612318992615,0.079098179936409,6.578550528502092e-05
500,8,Attention,query,base_model.model.bert.encoder.layer.8.attention.self.query.lora_E.default,12,0,12,0.0065355245023965836,0.024420583620667458,2.503603718650993e-05
500,8,Attention,value,base_model.model.bert.encoder.layer.8.attention.self.value.lora_E.default,12,0,12,0.0483810193836689,0.0829714834690094,0.00016715371748432517
500,9,Attention,query,base_model.model.bert.encoder.layer.9.attention.self.query.lora_E.default,12,0,12,0.008537865243852139,0.02988296188414097,3.835437837551581e-06
500,9,Attention,value,base_model.model.bert.encoder.layer.9.attention.self.value.lora_E.default,12,0,12,0.0652843713760376,0.11035146564245224,0.002879472216591239
500,10,Attention,query,base_model.model.bert.encoder.layer.10.attention.self.query.lora_E.default,12,0,12,0.01663263328373432,0.06086890399456024,1.6884114302229136e-05
500,10,Attention,value,base_model.model.bert.encoder.layer.10.attention.self.value.lora_E.default,12,0,12,0.04336361959576607,0.0822143480181694,5.452318873722106e-05
500,11,Attention,query,base_model.model.bert.encoder.layer.11.attention.self.query.lora_E.default,12,0,12,0.00674016959965229,0.041627172380685806,1.3078788470011204e-05
500,11,Attention,value,base_model.model.bert.encoder.layer.11.attention.self.value.lora_E.default,12,0,12,0.06565247476100922,0.11984272301197052,0.01593516394495964
750,0,Attention,query,base_model.model.bert.encoder.layer.0.attention.self.query.lora_E.default,12,0,12,4.419835386215709e-05,0.00013623815902974457,8.13916813058313e-06
750,0,Attention,value,base_model.model.bert.encoder.layer.0.attention.self.value.lora_E.default,12,0,12,0.021593743935227394,0.04892473295331001,1.1230054042243864e-05
750,1,Attention,query,base_model.model.bert.encoder.layer.1.attention.self.query.lora_E.default,12,0,12,4.378064477350563e-05,0.00018795854703057557,1.4169104360917117e-06
750,1,Attention,value,base_model.model.bert.encoder.layer.1.attention.self.value.lora_E.default,12,0,12,0.01687728427350521,0.0626150369644165,8.086202001322818e-07
750,2,Attention,query,base_model.model.bert.encoder.layer.2.attention.self.query.lora_E.default,12,0,12,5.1434046326903626e-05,0.00014186504995450377,4.204299330012873e-06
750,2,Attention,value,base_model.model.bert.encoder.layer.2.attention.self.value.lora_E.default,12,0,12,0.027690472081303596,0.07362548261880875,7.447299140039831e-06
750,3,Attention,query,base_model.model.bert.encoder.layer.3.attention.self.query.lora_E.default,12,0,12,2.6723029804998077e-05,6.155946903163567e-05,3.995020506408764e-06
750,3,Attention,value,base_model.model.bert.encoder.layer.3.attention.self.value.lora_E.default,12,0,12,0.0232663843780756,0.07127078622579575,1.0168238077312708e-05
750,4,Attention,query,base_model.model.bert.encoder.layer.4.attention.self.query.lora_E.default,12,0,12,5.5446162150474265e-05,9.807172318687662e-05,3.8834637052787e-06
750,4,Attention,value,base_model.model.bert.encoder.layer.4.attention.self.value.lora_E.default,12,0,12,0.028772883117198944,0.08364355564117432,1.0885971278185025e-05
750,5,Attention,query,base_model.model.bert.encoder.layer.5.attention.self.query.lora_E.default,12,0,12,5.9929316194029525e-05,0.00013658659008797258,1.1576057659112848e-05
750,5,Attention,value,base_model.model.bert.encoder.layer.5.attention.self.value.lora_E.default,12,0,12,0.03902285918593407,0.0945284515619278,7.78022422309732e-06
750,6,Attention,query,base_model.model.bert.encoder.layer.6.attention.self.query.lora_E.default,12,0,12,3.658490822999738e-05,8.30592616694048e-05,2.8020517675031442e-06
750,6,Attention,value,base_model.model.bert.encoder.layer.6.attention.self.value.lora_E.default,12,0,12,0.0480644516646862,0.09834026545286179,0.019622081890702248
750,7,Attention,query,base_model.model.bert.encoder.layer.7.attention.self.query.lora_E.default,12,0,12,5.863516344106756e-05,0.00013002195919398218,1.5146139958233107e-05
750,7,Attention,value,base_model.model.bert.encoder.layer.7.attention.self.value.lora_E.default,12,0,12,0.047402769327163696,0.11114804446697235,2.2292779249255545e-06
750,8,Attention,query,base_model.model.bert.encoder.layer.8.attention.self.query.lora_E.default,12,0,12,0.008244489319622517,0.052388567477464676,1.6456830280731083e-06
750,8,Attention,value,base_model.model.bert.encoder.layer.8.attention.self.value.lora_E.default,12,0,12,0.07322753220796585,0.1163310632109642,3.282068792032078e-05
750,9,Attention,query,base_model.model.bert.encoder.layer.9.attention.self.query.lora_E.default,12,0,12,0.003982073161751032,0.04721037670969963,2.8683764412562596e-06
750,9,Attention,value,base_model.model.bert.encoder.layer.9.attention.self.value.lora_E.default,12,0,12,0.08843225985765457,0.12576556205749512,1.150470143329585e-05
750,10,Attention,query,base_model.model.bert.encoder.layer.10.attention.self.query.lora_E.default,12,0,12,0.016664475202560425,0.0979422852396965,6.334567842714023e-06
750,10,Attention,value,base_model.model.bert.encoder.layer.10.attention.self.value.lora_E.default,12,0,12,0.05781329795718193,0.10222867131233215,5.672156476066448e-06
750,11,Attention,query,base_model.model.bert.encoder.layer.11.attention.self.query.lora_E.default,12,0,12,0.005356979090720415,0.06387802213430405,5.325725283000793e-07
750,11,Attention,value,base_model.model.bert.encoder.layer.11.attention.self.value.lora_E.default,12,0,12,0.08355792611837387,0.16230261325836182,0.0193430595099926
1000,0,Attention,query,base_model.model.bert.encoder.layer.0.attention.self.query.lora_E.default,12,0,12,2.879589010262862e-05,7.353026740020141e-05,4.239855115883984e-06
1000,0,Attention,value,base_model.model.bert.encoder.layer.0.attention.self.value.lora_E.default,12,0,12,0.024900734424591064,0.06607479602098465,4.980262474418851e-06
1000,1,Attention,query,base_model.model.bert.encoder.layer.1.attention.self.query.lora_E.default,12,0,12,4.232345600030385e-05,0.0001168505332316272,1.5309231571336568e-07
1000,1,Attention,value,base_model.model.bert.encoder.layer.1.attention.self.value.lora_E.default,12,0,12,0.019597433507442474,0.08232805877923965,6.684524578304263e-08
1000,2,Attention,query,base_model.model.bert.encoder.layer.2.attention.self.query.lora_E.default,12,0,12,3.151952478219755e-05,7.642485434189439e-05,2.0241519393948693e-07
1000,2,Attention,value,base_model.model.bert.encoder.layer.2.attention.self.value.lora_E.default,12,0,12,0.037367645651102066,0.09845201671123505,1.4405434285436058e-06
1000,3,Attention,query,base_model.model.bert.encoder.layer.3.attention.self.query.lora_E.default,12,0,12,3.37037599820178e-05,8.037096267798916e-05,5.235573553363793e-06
1000,3,Attention,value,base_model.model.bert.encoder.layer.3.attention.self.value.lora_E.default,12,0,12,0.02185995690524578,0.08208917826414108,2.0268984712856764e-07
1000,4,Attention,query,base_model.model.bert.encoder.layer.4.attention.self.query.lora_E.default,12,0,12,3.206463225069456e-05,7.367669604718685e-05,6.1130313042667694e-06
1000,4,Attention,value,base_model.model.bert.encoder.layer.4.attention.self.value.lora_E.default,12,0,12,0.02157771587371826,0.08797500282526016,1.4229241969587747e-05
1000,5,Attention,query,base_model.model.bert.encoder.layer.5.attention.self.query.lora_E.default,12,0,12,4.1882169171003625e-05,7.54741340642795e-05,2.4468001811328577e-06
1000,5,Attention,value,base_model.model.bert.encoder.layer.5.attention.self.value.lora_E.default,12,0,12,0.03676366060972214,0.10192309319972992,1.5352659829659387e-05
1000,6,Attention,query,base_model.model.bert.encoder.layer.6.attention.self.query.lora_E.default,12,0,12,4.235849701217376e-05,0.00011963151337113231,1.955698962774477e-06
1000,6,Attention,value,base_model.model.bert.encoder.layer.6.attention.self.value.lora_E.default,12,0,12,0.03649855777621269,0.10469017177820206,1.824826540541835e-05
1000,7,Attention,query,base_model.model.bert.encoder.layer.7.attention.self.query.lora_E.default,12,0,12,4.411818736116402e-05,0.00010270069469697773,1.375051579088904e-05
1000,7,Attention,value,base_model.model.bert.encoder.layer.7.attention.self.value.lora_E.default,12,0,12,0.04119030013680458,0.11467854678630829,1.095284187613288e-05
1000,8,Attention,query,base_model.model.bert.encoder.layer.8.attention.self.query.lora_E.default,12,0,12,2.8215901693329215e-05,5.9052021242678165e-05,8.127375622279942e-06
1000,8,Attention,value,base_model.model.bert.encoder.layer.8.attention.self.value.lora_E.default,12,0,12,0.0735744833946228,0.12217077612876892,2.5751583052624483e-06
1000,9,Attention,query,base_model.model.bert.encoder.layer.9.attention.self.query.lora_E.default,12,0,12,3.791364360949956e-05,9.5060866442509e-05,2.295055310241878e-06
1000,9,Attention,value,base_model.model.bert.encoder.layer.9.attention.self.value.lora_E.default,12,0,12,0.09364929050207138,0.13301105797290802,9.582075290381908e-05
1000,10,Attention,query,base_model.model.bert.encoder.layer.10.attention.self.query.lora_E.default,12,0,12,0.008558695204555988,0.10241248458623886,5.741474069509422e-06
1000,10,Attention,value,base_model.model.bert.encoder.layer.10.attention.self.value.lora_E.default,12,0,12,0.05634472891688347,0.10817252099514008,6.122911145212129e-06
1000,11,Attention,query,base_model.model.bert.encoder.layer.11.attention.self.query.lora_E.default,12,0,12,2.25854164455086e-05,5.684349889634177e-05,1.7394069118381594e-07
1000,11,Attention,value,base_model.model.bert.encoder.layer.11.attention.self.value.lora_E.default,12,0,12,0.07644033432006836,0.17094562947750092,3.320095856906846e-05
1250,0,Attention,query,base_model.model.bert.encoder.layer.0.attention.self.query.lora_E.default,12,0,12,2.802401468215976e-05,6.0130187193863094e-05,5.931884970777901e-06
1250,0,Attention,value,base_model.model.bert.encoder.layer.0.attention.self.value.lora_E.default,12,0,12,0.021066365763545036,0.08499269187450409,9.242731721315067e-06
1250,1,Attention,query,base_model.model.bert.encoder.layer.1.attention.self.query.lora_E.default,12,0,12,2.1255589672364295e-05,8.724129293113947e-05,2.4310734261234757e-06
1250,1,Attention,value,base_model.model.bert.encoder.layer.1.attention.self.value.lora_E.default,12,0,12,0.014539080671966076,0.09954805672168732,5.3354142437456176e-06
1250,2,Attention,query,base_model.model.bert.encoder.layer.2.attention.self.query.lora_E.default,12,0,12,2.4677532564965077e-05,8.816654735710472e-05,5.238005542196333e-06
1250,2,Attention,value,base_model.model.bert.encoder.layer.2.attention.self.value.lora_E.default,12,0,12,0.038491036742925644,0.11147378385066986,1.6664341728755971e-06
1250,3,Attention,query,base_model.model.bert.encoder.layer.3.attention.self.query.lora_E.default,12,0,12,2.5032888515852392e-05,7.370582170551643e-05,1.1613382184805232e-06
1250,3,Attention,value,base_model.model.bert.encoder.layer.3.attention.self.value.lora_E.default,12,0,12,0.01951323077082634,0.08906231075525284,5.48496643659746e-07
1250,4,Attention,query,base_model.model.bert.encoder.layer.4.attention.self.query.lora_E.default,12,0,12,3.305681093479507e-05,0.00010395151184638962,4.7666312639194075e-06
1250,4,Attention,value,base_model.model.bert.encoder.layer.4.attention.self.value.lora_E.default,12,0,12,0.02365453541278839,0.09690035134553909,4.504076059674844e-06
1250,5,Attention,query,base_model.model.bert.encoder.layer.5.attention.self.query.lora_E.default,12,0,12,3.871688022627495e-05,9.959423914551735e-05,6.358126938721398e-06
1250,5,Attention,value,base_model.model.bert.encoder.layer.5.attention.self.value.lora_E.default,12,0,12,0.02289450168609619,0.10871502012014389,2.629791651997948e-06
1250,6,Attention,query,base_model.model.bert.encoder.layer.6.attention.self.query.lora_E.default,12,0,12,4.085955515620299e-05,0.00011289100802969187,2.3752934339427156e-06
1250,6,Attention,value,base_model.model.bert.encoder.layer.6.attention.self.value.lora_E.default,12,0,12,0.023887788876891136,0.10825418680906296,3.812469913100358e-06
1250,7,Attention,query,base_model.model.bert.encoder.layer.7.attention.self.query.lora_E.default,12,0,12,3.9893096982268617e-05,8.362803782802075e-05,2.3961895294632996e-06
1250,7,Attention,value,base_model.model.bert.encoder.layer.7.attention.self.value.lora_E.default,12,0,12,0.04264659062027931,0.11667072027921677,1.857494680734817e-06
1250,8,Attention,query,base_model.model.bert.encoder.layer.8.attention.self.query.lora_E.default,12,0,12,3.094689600402489e-05,7.324809848796576e-05,2.1275700419209898e-06
1250,8,Attention,value,base_model.model.bert.encoder.layer.8.attention.self.value.lora_E.default,12,0,12,0.07243648171424866,0.12510153651237488,4.197193902655272e-06
1250,9,Attention,query,base_model.model.bert.encoder.layer.9.attention.self.query.lora_E.default,12,0,12,4.118124707019888e-05,7.845819345675409e-05,9.652321750763804e-06
1250,9,Attention,value,base_model.model.bert.encoder.layer.9.attention.self.value.lora_E.default,12,0,12,0.08637955784797668,0.1355469524860382,3.9827762520872056e-05
1250,10,Attention,query,base_model.model.bert.encoder.layer.10.attention.self.query.lora_E.default,12,0,12,0.009058542549610138,0.1081991046667099,3.0905334824637976e-07
1250,10,Attention,value,base_model.model.bert.encoder.layer.10.attention.self.value.lora_E.default,12,0,12,0.04280179738998413,0.10911355912685394,3.1587933335686103e-06
1250,11,Attention,query,base_model.model.bert.encoder.layer.11.attention.self.query.lora_E.default,12,0,12,2.428870357107371e-05,8.764609083300456e-05,2.458844846842112e-06
1250,11,Attention,value,base_model.model.bert.encoder.layer.11.attention.self.value.lora_E.default,12,0,12,0.06639092415571213,0.17593753337860107,1.9819623048533686e-05
1500,0,Attention,query,base_model.model.bert.encoder.layer.0.attention.self.query.lora_E.default,12,0,12,2.6456275008968078e-05,8.941380656324327e-05,2.6005427571362816e-06
1500,0,Attention,value,base_model.model.bert.encoder.layer.0.attention.self.value.lora_E.default,11,1,12,0.017905592918395996,0.09205236285924911,8.133993034675768e-09
1500,1,Attention,query,base_model.model.bert.encoder.layer.1.attention.self.query.lora_E.default,12,0,12,3.760151957976632e-05,0.00012177418102510273,1.2513661431512446e-06
1500,1,Attention,value,base_model.model.bert.encoder.layer.1.attention.self.value.lora_E.default,12,0,12,0.009025626815855503,0.10807200521230698,5.063818093731243e-07
1500,2,Attention,query,base_model.model.bert.encoder.layer.2.attention.self.query.lora_E.default,12,0,12,2.6877822165261023e-05,8.757901377975941e-05,8.866964890330564e-06
1500,2,Attention,value,base_model.model.bert.encoder.layer.2.attention.self.value.lora_E.default,12,0,12,0.04325101152062416,0.12477553635835648,6.3553247855452355e-06
1500,3,Attention,query,base_model.model.bert.encoder.layer.3.attention.self.query.lora_E.default,12,0,12,2.8496657250798307e-05,6.621446664212272e-05,1.3139743941792403e-06
1500,3,Attention,value,base_model.model.bert.encoder.layer.3.attention.self.value.lora_E.default,12,0,12,0.02149065025150776,0.09542520344257355,1.3834552419211832e-06
1500,4,Attention,query,base_model.model.bert.encoder.layer.4.attention.self.query.lora_E.default,12,0,12,3.9065427699824795e-05,7.861121412133798e-05,2.1819905668962747e-06
1500,4,Attention,value,base_model.model.bert.encoder.layer.4.attention.self.value.lora_E.default,12,0,12,0.015412487089633942,0.10352052748203278,2.066411980194971e-06
1500,5,Attention,query,base_model.model.bert.encoder.layer.5.attention.self.query.lora_E.default,12,0,12,2.8359214411466382e-05,6.557085725944489e-05,6.151898901407549e-08
1500,5,Attention,value,base_model.model.bert.encoder.layer.5.attention.self.value.lora_E.default,12,0,12,0.017292359843850136,0.11547263711690903,1.9909758464109473e-07
1500,6,Attention,query,base_model.model.bert.encoder.layer.6.attention.self.query.lora_E.default,12,0,12,3.279657175880857e-05,0.00011785556853283197,2.413255515421042e-07
1500,6,Attention,value,base_model.model.bert.encoder.layer.6.attention.self.value.lora_E.default,12,0,12,0.01796881854534149,0.11447855830192566,4.912488293484785e-06
1500,7,Attention,query,base_model.model.bert.encoder.layer.7.attention.self.query.lora_E.default,12,0,12,2.7053474696003832e-05,6.128998938947916e-05,9.05616343516158e-06
1500,7,Attention,value,base_model.model.bert.encoder.layer.7.attention.self.value.lora_E.default,12,0,12,0.04443640634417534,0.1207357794046402,4.479603830986889e-06
1500,8,Attention,query,base_model.model.bert.encoder.layer.8.attention.self.query.lora_E.default,12,0,12,2.924627005995717e-05,9.740204404806718e-05,5.168624284124235e-06
1500,8,Attention,value,base_model.model.bert.encoder.layer.8.attention.self.value.lora_E.default,12,0,12,0.07422084361314774,0.12785518169403076,6.808785656176042e-06
1500,9,Attention,query,base_model.model.bert.encoder.layer.9.attention.self.query.lora_E.default,12,0,12,2.709261025302112e-05,7.287730841198936e-05,7.931961363283335e-07
1500,9,Attention,value,base_model.model.bert.encoder.layer.9.attention.self.value.lora_E.default,12,0,12,0.08341937512159348,0.13875198364257812,1.567142021485779e-06
1500,10,Attention,query,base_model.model.bert.encoder.layer.10.attention.self.query.lora_E.default,12,0,12,2.630574999784585e-05,6.579130422323942e-05,8.832860771690321e-07
1500,10,Attention,value,base_model.model.bert.encoder.layer.10.attention.self.value.lora_E.default,12,0,12,0.038988035172224045,0.1113973930478096,7.359302003351331e-07
1500,11,Attention,query,base_model.model.bert.encoder.layer.11.attention.self.query.lora_E.default,12,0,12,2.6913998226518743e-05,7.436869782395661e-05,7.597451485708007e-07
1500,11,Attention,value,base_model.model.bert.encoder.layer.11.attention.self.value.lora_E.default,12,0,12,0.0623837374150753,0.18335901200771332,5.474889235301816e-07
1750,0,Attention,query,base_model.model.bert.encoder.layer.0.attention.self.query.lora_E.default,12,0,12,2.047807902272325e-05,4.4862852519145235e-05,2.361752649449045e-06
1750,0,Attention,value,base_model.model.bert.encoder.layer.0.attention.self.value.lora_E.default,12,0,12,0.0201104823499918,0.1049690693616867,6.203819111760822e-07
1750,1,Attention,query,base_model.model.bert.encoder.layer.1.attention.self.query.lora_E.default,12,0,12,2.0509198293439113e-05,4.17970513808541e-05,7.449225449818186e-07
1750,1,Attention,value,base_model.model.bert.encoder.layer.1.attention.self.value.lora_E.default,12,0,12,0.010240434668958187,0.12266657501459122,1.9808192064374452e-06
1750,2,Attention,query,base_model.model.bert.encoder.layer.2.attention.self.query.lora_E.default,12,0,12,1.6686552044120617e-05,3.7185287510510534e-05,3.14997436134945e-07
1750,2,Attention,value,base_model.model.bert.encoder.layer.2.attention.self.value.lora_E.default,12,0,12,0.047793690115213394,0.13731169700622559,1.0540741186559899e-06
1750,3,Attention,query,base_model.model.bert.encoder.layer.3.attention.self.query.lora_E.default,12,0,12,2.338075137231499e-05,5.3896270401310176e-05,2.795693717416725e-06
1750,3,Attention,value,base_model.model.bert.encoder.layer.3.attention.self.value.lora_E.default,12,0,12,0.022655831649899483,0.10092879086732864,2.1252881197142415e-06
1750,4,Attention,query,base_model.model.bert.encoder.layer.4.attention.self.query.lora_E.default,12,0,12,2.0614896129700355e-05,5.896994480281137e-05,2.99365387945727e-06
1750,4,Attention,value,base_model.model.bert.encoder.layer.4.attention.self.value.lora_E.default,12,0,12,0.01635422557592392,0.10982098430395126,9.013141607283615e-06
1750,5,Attention,query,base_model.model.bert.encoder.layer.5.attention.self.query.lora_E.default,12,0,12,2.0505525753833354e-05,7.171395554905757e-05,2.1749913230451057e-06
1750,5,Attention,value,base_model.model.bert.encoder.layer.5.attention.self.value.lora_E.default,12,0,12,0.018144775182008743,0.1213039830327034,9.037719337356975e-07
1750,6,Attention,query,base_model.model.bert.encoder.layer.6.attention.self.query.lora_E.default,12,0,12,2.1121231839060783e-05,5.9676658565877005e-05,4.141752015129896e-06
1750,6,Attention,value,base_model.model.bert.encoder.layer.6.attention.self.value.lora_E.default,12,0,12,0.01881498284637928,0.11911039054393768,3.0184589832060738e-06
1750,7,Attention,query,base_model.model.bert.encoder.layer.7.attention.self.query.lora_E.default,12,0,12,1.8073655155603774e-05,2.9713366529904306e-05,1.3685634030480287e-06
1750,7,Attention,value,base_model.model.bert.encoder.layer.7.attention.self.value.lora_E.default,12,0,12,0.04650111496448517,0.12622196972370148,9.841296559898183e-06
1750,8,Attention,query,base_model.model.bert.encoder.layer.8.attention.self.query.lora_E.default,12,0,12,2.0955931177013554e-05,3.938710142392665e-05,5.1626889217004646e-06
1750,8,Attention,value,base_model.model.bert.encoder.layer.8.attention.self.value.lora_E.default,12,0,12,0.06897302716970444,0.13090498745441437,2.2035637812223285e-06
1750,9,Attention,query,base_model.model.bert.encoder.layer.9.attention.self.query.lora_E.default,12,0,12,2.990870416397229e-05,6.98277071933262e-05,3.5988759918836877e-06
1750,9,Attention,value,base_model.model.bert.encoder.layer.9.attention.self.value.lora_E.default,12,0,12,0.08669740706682205,0.14504700899124146,2.9505701604648493e-05
1750,10,Attention,query,base_model.model.bert.encoder.layer.10.attention.self.query.lora_E.default,12,0,12,2.535755447752308e-05,6.82511308696121e-05,7.782817192492075e-06
1750,10,Attention,value,base_model.model.bert.encoder.layer.10.attention.self.value.lora_E.default,12,0,12,0.03149564191699028,0.11450780183076859,1.0966289664793294e-05
1750,11,Attention,query,base_model.model.bert.encoder.layer.11.attention.self.query.lora_E.default,12,0,12,2.1383146304287948e-05,6.059421502868645e-05,1.7363420283800224e-06
1750,11,Attention,value,base_model.model.bert.encoder.layer.11.attention.self.value.lora_E.default,12,0,12,0.05748101696372032,0.18698179721832275,7.212910986709176e-06
2000,0,Attention,query,base_model.model.bert.encoder.layer.0.attention.self.query.lora_E.default,12,0,12,9.124872121901717e-06,2.326061985513661e-05,2.69983388534456e-07
2000,0,Attention,value,base_model.model.bert.encoder.layer.0.attention.self.value.lora_E.default,12,0,12,0.021289996802806854,0.11133844405412674,2.429698724881746e-06
2000,1,Attention,query,base_model.model.bert.encoder.layer.1.attention.self.query.lora_E.default,12,0,12,1.352180970570771e-05,3.150671182083897e-05,6.245809345273301e-07
2000,1,Attention,value,base_model.model.bert.encoder.layer.1.attention.self.value.lora_E.default,12,0,12,0.010755850933492184,0.12893472611904144,3.430902097534272e-06
2000,2,Attention,query,base_model.model.bert.encoder.layer.2.attention.self.query.lora_E.default,12,0,12,1.492879800935043e-05,3.548855966073461e-05,4.467693543119822e-06
2000,2,Attention,value,base_model.model.bert.encoder.layer.2.attention.self.value.lora_E.default,12,0,12,0.04985679313540459,0.1435980498790741,1.5501188954658573e-06
2000,3,Attention,query,base_model.model.bert.encoder.layer.3.attention.self.query.lora_E.default,12,0,12,1.4120946616458241e-05,3.6933342926204205e-05,1.9420808712311555e-06
2000,3,Attention,value,base_model.model.bert.encoder.layer.3.attention.self.value.lora_E.default,12,0,12,0.023586800321936607,0.10481315106153488,3.035709369214601e-06
2000,4,Attention,query,base_model.model.bert.encoder.layer.4.attention.self.query.lora_E.default,12,0,12,1.191670435218839e-05,4.3876054405700415e-05,1.5051211903482908e-06
2000,4,Attention,value,base_model.model.bert.encoder.layer.4.attention.self.value.lora_E.default,12,0,12,0.01697971485555172,0.11273723840713501,7.073390861478401e-06
2000,5,Attention,query,base_model.model.bert.encoder.layer.5.attention.self.query.lora_E.default,12,0,12,1.2242260709172115e-05,2.6948991944664158e-05,2.1855880731891375e-06
2000,5,Attention,value,base_model.model.bert.encoder.layer.5.attention.self.value.lora_E.default,12,0,12,0.01870170794427395,0.12541815638542175,7.75338958192151e-06
2000,6,Attention,query,base_model.model.bert.encoder.layer.6.attention.self.query.lora_E.default,12,0,12,2.3835125830373727e-05,4.42698183178436e-05,7.873754839238245e-06
2000,6,Attention,value,base_model.model.bert.encoder.layer.6.attention.self.value.lora_E.default,12,0,12,0.019221141934394836,0.12042322009801865,1.999643700401066e-06
2000,7,Attention,query,base_model.model.bert.encoder.layer.7.attention.self.query.lora_E.default,12,0,12,2.0692290490842424e-05,3.919153823517263e-05,9.268711437471211e-06
2000,7,Attention,value,base_model.model.bert.encoder.layer.7.attention.self.value.lora_E.default,12,0,12,0.04716169461607933,0.12776696681976318,1.6751978364482056e-06
2000,8,Attention,query,base_model.model.bert.encoder.layer.8.attention.self.query.lora_E.default,12,0,12,1.9541330402716994e-05,4.238251131027937e-05,6.144622375359177e-07
2000,8,Attention,value,base_model.model.bert.encoder.layer.8.attention.self.value.lora_E.default,12,0,12,0.0705825611948967,0.13336783647537231,4.475073183130007e-06
2000,9,Attention,query,base_model.model.bert.encoder.layer.9.attention.self.query.lora_E.default,12,0,12,1.7723590644891374e-05,3.774379729293287e-05,1.3523426787287463e-06
2000,9,Attention,value,base_model.model.bert.encoder.layer.9.attention.self.value.lora_E.default,12,0,12,0.08892246335744858,0.15061481297016144,3.669193347377586e-06
2000,10,Attention,query,base_model.model.bert.encoder.layer.10.attention.self.query.lora_E.default,12,0,12,1.5529707525274716e-05,3.500938692013733e-05,5.367876951822836e-07
2000,10,Attention,value,base_model.model.bert.encoder.layer.10.attention.self.value.lora_E.default,12,0,12,0.03202458843588829,0.1150372251868248,1.0080236734211212e-06
2000,11,Attention,query,base_model.model.bert.encoder.layer.11.attention.self.query.lora_E.default,12,0,12,1.6915057130972855e-05,4.726545375888236e-05,2.6409438760310877e-06
2000,11,Attention,value,base_model.model.bert.encoder.layer.11.attention.self.value.lora_E.default,12,0,12,0.05840221419930458,0.18961243331432343,3.29223212247598e-07
2250,0,Attention,query,base_model.model.bert.encoder.layer.0.attention.self.query.lora_E.default,12,0,12,1.2695268196694087e-05,4.175564390607178e-05,1.2988209618924884e-06
2250,0,Attention,value,base_model.model.bert.encoder.layer.0.attention.self.value.lora_E.default,12,0,12,0.021807238459587097,0.11487282067537308,4.209119879305945e-07
2250,1,Attention,query,base_model.model.bert.encoder.layer.1.attention.self.query.lora_E.default,12,0,12,1.4052075130166486e-05,3.062176983803511e-05,1.147895204667293e-06
2250,1,Attention,value,base_model.model.bert.encoder.layer.1.attention.self.value.lora_E.default,12,0,12,0.011102586053311825,0.13305769860744476,2.8987465157115366e-06
2250,2,Attention,query,base_model.model.bert.encoder.layer.2.attention.self.query.lora_E.default,12,0,12,1.8048949641524814e-05,3.651898805401288e-05,1.8197530380348326e-06
2250,2,Attention,value,base_model.model.bert.encoder.layer.2.attention.self.value.lora_E.default,12,0,12,0.051434531807899475,0.14717623591423035,5.278781827655621e-06
2250,3,Attention,query,base_model.model.bert.encoder.layer.3.attention.self.query.lora_E.default,12,0,12,2.156700247724075e-05,5.054062057752162e-05,3.809958002420899e-07
2250,3,Attention,value,base_model.model.bert.encoder.layer.3.attention.self.value.lora_E.default,12,0,12,0.024511395022273064,0.10884878784418106,6.98529447618057e-06
2250,4,Attention,query,base_model.model.bert.encoder.layer.4.attention.self.query.lora_E.default,12,0,12,1.2833846085413825e-05,2.6757081286632456e-05,1.3919468528911239e-06
2250,4,Attention,value,base_model.model.bert.encoder.layer.4.attention.self.value.lora_E.default,12,0,12,0.017549490556120872,0.11547669023275375,2.896295200116583e-06
2250,5,Attention,query,base_model.model.bert.encoder.layer.5.attention.self.query.lora_E.default,12,0,12,1.9771339793805964e-05,5.1805403927573934e-05,5.006825176678831e-07
2250,5,Attention,value,base_model.model.bert.encoder.layer.5.attention.self.value.lora_E.default,12,0,12,0.019070982933044434,0.12790657579898834,1.8513311488277395e-06
2250,6,Attention,query,base_model.model.bert.encoder.layer.6.attention.self.query.lora_E.default,12,0,12,2.5582050511729904e-05,3.951161488657817e-05,6.371999916154891e-06
2250,6,Attention,value,base_model.model.bert.encoder.layer.6.attention.self.value.lora_E.default,12,0,12,0.019554635509848595,0.12195271998643875,4.6270253051261534e-07
2250,7,Attention,query,base_model.model.bert.encoder.layer.7.attention.self.query.lora_E.default,12,0,12,1.873587643785868e-05,4.260766218067147e-05,2.1757587091997266e-06
2250,7,Attention,value,base_model.model.bert.encoder.layer.7.attention.self.value.lora_E.default,12,0,12,0.04791278764605522,0.12936899065971375,2.8682197239504603e-07
2250,8,Attention,query,base_model.model.bert.encoder.layer.8.attention.self.query.lora_E.default,12,0,12,1.0069640666188207e-05,2.761135510809254e-05,3.7593810020553065e-07
2250,8,Attention,value,base_model.model.bert.encoder.layer.8.attention.self.value.lora_E.default,12,0,12,0.07128967344760895,0.13481447100639343,1.774685074451554e-06
2250,9,Attention,query,base_model.model.bert.encoder.layer.9.attention.self.query.lora_E.default,12,0,12,1.7832870071288198e-05,5.2782543207285926e-05,4.601388923219929e-07
2250,9,Attention,value,base_model.model.bert.encoder.layer.9.attention.self.value.lora_E.default,12,0,12,0.0900360718369484,0.1528375893831253,9.439586392545607e-07
2250,10,Attention,query,base_model.model.bert.encoder.layer.10.attention.self.query.lora_E.default,12,0,12,1.2682944543485064e-05,5.847203647135757e-05,5.329104624252068e-07
2250,10,Attention,value,base_model.model.bert.encoder.layer.10.attention.self.value.lora_E.default,12,0,12,0.03235301747918129,0.11629710346460342,4.5459520947588317e-07
2250,11,Attention,query,base_model.model.bert.encoder.layer.11.attention.self.query.lora_E.default,12,0,12,1.3137127098161727e-05,2.825973933795467e-05,1.1946129916395876e-06
2250,11,Attention,value,base_model.model.bert.encoder.layer.11.attention.self.value.lora_E.default,12,0,12,0.059059422463178635,0.19283372163772583,8.5476597178058e-07
2500,0,Attention,query,base_model.model.bert.encoder.layer.0.attention.self.query.lora_E.default,12,0,12,1.1756823369069025e-05,2.547159238019958e-05,6.249430839488923e-07
2500,0,Attention,value,base_model.model.bert.encoder.layer.0.attention.self.value.lora_E.default,12,0,12,0.022124044597148895,0.11700113117694855,3.306200824226835e-06
2500,1,Attention,query,base_model.model.bert.encoder.layer.1.attention.self.query.lora_E.default,12,0,12,1.402936686645262e-05,3.864450627588667e-05,1.8521337779020541e-06
2500,1,Attention,value,base_model.model.bert.encoder.layer.1.attention.self.value.lora_E.default,12,0,12,0.011338114738464355,0.13596957921981812,2.271606945214444e-06
2500,2,Attention,query,base_model.model.bert.encoder.layer.2.attention.self.query.lora_E.default,12,0,12,9.670684448792599e-06,3.680587178678252e-05,5.410351491264009e-07
2500,2,Attention,value,base_model.model.bert.encoder.layer.2.attention.self.value.lora_E.default,12,0,12,0.05251883342862129,0.15055008232593536,4.5067042719892925e-07
2500,3,Attention,query,base_model.model.bert.encoder.layer.3.attention.self.query.lora_E.default,12,0,12,1.2227367733430583e-05,2.2411397367250174e-05,2.905541407471901e-07
2500,3,Attention,value,base_model.model.bert.encoder.layer.3.attention.self.value.lora_E.default,12,0,12,0.025213243439793587,0.11190427094697952,3.0822784538031556e-06
2500,4,Attention,query,base_model.model.bert.encoder.layer.4.attention.self.query.lora_E.default,12,0,12,8.030524440982845e-06,3.208423004252836e-05,2.6174425329372752e-06
2500,4,Attention,value,base_model.model.bert.encoder.layer.4.attention.self.value.lora_E.default,12,0,12,0.01771550066769123,0.11666378378868103,1.9361014835794776e-07
2500,5,Attention,query,base_model.model.bert.encoder.layer.5.attention.self.query.lora_E.default,12,0,12,1.2768468877766281e-05,2.8188185751787387e-05,9.708993502499652e-07
2500,5,Attention,value,base_model.model.bert.encoder.layer.5.attention.self.value.lora_E.default,12,0,12,0.01935550570487976,0.13008347153663635,4.398605142341694e-07
2500,6,Attention,query,base_model.model.bert.encoder.layer.6.attention.self.query.lora_E.default,12,0,12,1.7679883967502974e-05,3.9167887734947726e-05,1.4669600432171137e-06
2500,6,Attention,value,base_model.model.bert.encoder.layer.6.attention.self.value.lora_E.default,12,0,12,0.019954197108745575,0.12374036759138107,4.4251096369407605e-06
2500,7,Attention,query,base_model.model.bert.encoder.layer.7.attention.self.query.lora_E.default,12,0,12,9.115729881159496e-06,3.0330553272506222e-05,5.44576209904335e-07
2500,7,Attention,value,base_model.model.bert.encoder.layer.7.attention.self.value.lora_E.default,12,0,12,0.048765551298856735,0.1313808709383011,3.3551179967616918e-06
2500,8,Attention,query,base_model.model.bert.encoder.layer.8.attention.self.query.lora_E.default,12,0,12,1.7882442989503033e-05,4.010683551314287e-05,1.2374902098599705e-06
2500,8,Attention,value,base_model.model.bert.encoder.layer.8.attention.self.value.lora_E.default,12,0,12,0.07235632091760635,0.13657794892787933,1.809876607694605e-06
2500,9,Attention,query,base_model.model.bert.encoder.layer.9.attention.self.query.lora_E.default,12,0,12,1.0744399332907051e-05,1.9779254216700792e-05,8.376889581995783e-07
2500,9,Attention,value,base_model.model.bert.encoder.layer.9.attention.self.value.lora_E.default,12,0,12,0.09151849150657654,0.15581056475639343,4.35332538017974e-07
2500,10,Attention,query,base_model.model.bert.encoder.layer.10.attention.self.query.lora_E.default,12,0,12,9.26327356864931e-06,1.6881456758710556e-05,1.996007767957053e-06
2500,10,Attention,value,base_model.model.bert.encoder.layer.10.attention.self.value.lora_E.default,12,0,12,0.032778408378362656,0.11738556623458862,6.27568283562141e-07
2500,11,Attention,query,base_model.model.bert.encoder.layer.11.attention.self.query.lora_E.default,12,0,12,1.2344141396170016e-05,2.6755889848573133e-05,6.259439828681934e-07
2500,11,Attention,value,base_model.model.bert.encoder.layer.11.attention.self.value.lora_E.default,12,0,12,0.059709906578063965,0.19519934058189392,1.6763975736466818e-06
2750,0,Attention,query,base_model.model.bert.encoder.layer.0.attention.self.query.lora_E.default,12,0,12,1.0445043699292e-05,2.615500307001639e-05,1.2939370890308055e-06
2750,0,Attention,value,base_model.model.bert.encoder.layer.0.attention.self.value.lora_E.default,12,0,12,0.022425374016165733,0.11977054178714752,2.0116040104767308e-06
2750,1,Attention,query,base_model.model.bert.encoder.layer.1.attention.self.query.lora_E.default,12,0,12,1.083884035324445e-05,2.365633008594159e-05,2.347823510717717e-06
2750,1,Attention,value,base_model.model.bert.encoder.layer.1.attention.self.value.lora_E.default,12,0,12,0.011526254005730152,0.13819067180156708,1.99928922484105e-06
2750,2,Attention,query,base_model.model.bert.encoder.layer.2.attention.self.query.lora_E.default,12,0,12,1.3312003829923924e-05,3.7435955164255574e-05,9.962495823856443e-07
2750,2,Attention,value,base_model.model.bert.encoder.layer.2.attention.self.value.lora_E.default,12,0,12,0.053101230412721634,0.15266764163970947,3.103129415649164e-07
2750,3,Attention,query,base_model.model.bert.encoder.layer.3.attention.self.query.lora_E.default,12,0,12,1.2320729183556978e-05,2.267060881422367e-05,1.0152452887268737e-06
2750,3,Attention,value,base_model.model.bert.encoder.layer.3.attention.self.value.lora_E.default,12,0,12,0.025571733713150024,0.1127796396613121,1.2670460591834853e-06
2750,4,Attention,query,base_model.model.bert.encoder.layer.4.attention.self.query.lora_E.default,12,0,12,9.785418114915956e-06,2.4184400899684988e-05,1.733090243760671e-06
2750,4,Attention,value,base_model.model.bert.encoder.layer.4.attention.self.value.lora_E.default,12,0,12,0.01808849908411503,0.11882942169904709,4.01992929255357e-06
2750,5,Attention,query,base_model.model.bert.encoder.layer.5.attention.self.query.lora_E.default,12,0,12,1.273560064873891e-05,3.5919536458095536e-05,7.219193776109023e-07
2750,5,Attention,value,base_model.model.bert.encoder.layer.5.attention.self.value.lora_E.default,12,0,12,0.01974271424114704,0.13209444284439087,9.642891427574796e-07
2750,6,Attention,query,base_model.model.bert.encoder.layer.6.attention.self.query.lora_E.default,12,0,12,1.1549703231139574e-05,2.2787085981690325e-05,9.33178057493933e-07
2750,6,Attention,value,base_model.model.bert.encoder.layer.6.attention.self.value.lora_E.default,12,0,12,0.020530743524432182,0.12696664035320282,4.349085429566912e-06
2750,7,Attention,query,base_model.model.bert.encoder.layer.7.attention.self.query.lora_E.default,12,0,12,1.095415063900873e-05,2.348097950743977e-05,3.5386938179726712e-06
2750,7,Attention,value,base_model.model.bert.encoder.layer.7.attention.self.value.lora_E.default,12,0,12,0.04965221509337425,0.13358990848064423,2.0194681837892858e-07
2750,8,Attention,query,base_model.model.bert.encoder.layer.8.attention.self.query.lora_E.default,12,0,12,9.876198419078719e-06,2.388163557043299e-05,3.7274034525580646e-07
2750,8,Attention,value,base_model.model.bert.encoder.layer.8.attention.self.value.lora_E.default,12,0,12,0.07332960516214371,0.137923464179039,3.7468362279469147e-06
2750,9,Attention,query,base_model.model.bert.encoder.layer.9.attention.self.query.lora_E.default,12,0,12,1.4993110198702198e-05,2.8314010705798864e-05,4.861777824771707e-07
2750,9,Attention,value,base_model.model.bert.encoder.layer.9.attention.self.value.lora_E.default,12,0,12,0.09280034154653549,0.15789300203323364,1.3834885976393707e-05
2750,10,Attention,query,base_model.model.bert.encoder.layer.10.attention.self.query.lora_E.default,12,0,12,1.089781380869681e-05,2.4295672119478695e-05,5.33575644112716e-07
2750,10,Attention,value,base_model.model.bert.encoder.layer.10.attention.self.value.lora_E.default,12,0,12,0.0329604409635067,0.11827732622623444,4.6042183043937257e-07
2750,11,Attention,query,base_model.model.bert.encoder.layer.11.attention.self.query.lora_E.default,12,0,12,9.244695320376195e-06,1.640934897295665e-05,1.4348980812428636e-06
2750,11,Attention,value,base_model.model.bert.encoder.layer.11.attention.self.value.lora_E.default,12,0,12,0.060230981558561325,0.19764061272144318,5.348534159566043e-06
3000,0,Attention,query,base_model.model.bert.encoder.layer.0.attention.self.query.lora_E.default,12,0,12,9.155300176644232e-06,2.088658402499277e-05,3.144255913412053e-07
3000,0,Attention,value,base_model.model.bert.encoder.layer.0.attention.self.value.lora_E.default,12,0,12,0.022781580686569214,0.12184634804725647,2.3379234335152432e-06
3000,1,Attention,query,base_model.model.bert.encoder.layer.1.attention.self.query.lora_E.default,12,0,12,6.8400081545405556e-06,2.2487542082672007e-05,1.3518340438167797e-06
3000,1,Attention,value,base_model.model.bert.encoder.layer.1.attention.self.value.lora_E.default,12,0,12,0.011633985675871372,0.1395469307899475,2.436610202494194e-07
3000,2,Attention,query,base_model.model.bert.encoder.layer.2.attention.self.query.lora_E.default,12,0,12,6.772734650439816e-06,1.305947716900846e-05,2.9366096896410454e-06
3000,2,Attention,value,base_model.model.bert.encoder.layer.2.attention.self.value.lora_E.default,12,0,12,0.05373850092291832,0.15394853055477142,1.4173623412716552e-06
3000,3,Attention,query,base_model.model.bert.encoder.layer.3.attention.self.query.lora_E.default,12,0,12,7.853809620428365e-06,2.0195137039991096e-05,4.0398953160547535e-07
3000,3,Attention,value,base_model.model.bert.encoder.layer.3.attention.self.value.lora_E.default,12,0,12,0.025928324088454247,0.11433212459087372,8.581176871302887e-07
3000,4,Attention,query,base_model.model.bert.encoder.layer.4.attention.self.query.lora_E.default,12,0,12,8.274778338090982e-06,1.811174843169283e-05,6.223024229257135e-07
3000,4,Attention,value,base_model.model.bert.encoder.layer.4.attention.self.value.lora_E.default,12,0,12,0.018360121175646782,0.12046995759010315,1.6785792240625597e-06
3000,5,Attention,query,base_model.model.bert.encoder.layer.5.attention.self.query.lora_E.default,12,0,12,1.347481975244591e-05,2.987799780385103e-05,1.3914074088461348e-06
3000,5,Attention,value,base_model.model.bert.encoder.layer.5.attention.self.value.lora_E.default,12,0,12,0.019998174160718918,0.13395154476165771,1.751648710524023e-06
3000,6,Attention,query,base_model.model.bert.encoder.layer.6.attention.self.query.lora_E.default,12,0,12,8.79917115526041e-06,1.8432216165820137e-05,3.5103161621918844e-07
3000,6,Attention,value,base_model.model.bert.encoder.layer.6.attention.self.value.lora_E.default,12,0,12,0.020884113386273384,0.12900827825069427,1.645125813354298e-08
3000,7,Attention,query,base_model.model.bert.encoder.layer.7.attention.self.query.lora_E.default,12,0,12,7.476970949937822e-06,1.9394030459807254e-05,3.7629486087098485e-06
3000,7,Attention,value,base_model.model.bert.encoder.layer.7.attention.self.value.lora_E.default,12,0,12,0.05020229145884514,0.13482347130775452,8.018130301934434e-07
3000,8,Attention,query,base_model.model.bert.encoder.layer.8.attention.self.query.lora_E.default,12,0,12,9.181885616271757e-06,1.9738499759114347e-05,2.3938328013173304e-06
3000,8,Attention,value,base_model.model.bert.encoder.layer.8.attention.self.value.lora_E.default,12,0,12,0.0735248550772667,0.13809163868427277,2.014469146160991e-06
3000,9,Attention,query,base_model.model.bert.encoder.layer.9.attention.self.query.lora_E.default,12,0,12,1.1942213859583717e-05,2.8436348657123744e-05,1.3978399238112615e-06
3000,9,Attention,value,base_model.model.bert.encoder.layer.9.attention.self.value.lora_E.default,12,0,12,0.09328234195709229,0.15868987143039703,3.0403014079638524e-06
3000,10,Attention,query,base_model.model.bert.encoder.layer.10.attention.self.query.lora_E.default,12,0,12,1.051064464263618e-05,1.695665378065314e-05,2.2358112801157404e-06
3000,10,Attention,value,base_model.model.bert.encoder.layer.10.attention.self.value.lora_E.default,12,0,12,0.03316725790500641,0.11927249282598495,2.571658512806607e-07
3000,11,Attention,query,base_model.model.bert.encoder.layer.11.attention.self.query.lora_E.default,12,0,12,8.738067663216498e-06,2.859946653188672e-05,1.076946318789851e-06
3000,11,Attention,value,base_model.model.bert.encoder.layer.11.attention.self.value.lora_E.default,12,0,12,0.06069796159863472,0.19896700978279114,5.152867288416019e-07
3250,0,Attention,query,base_model.model.bert.encoder.layer.0.attention.self.query.lora_E.default,12,0,12,4.084764896106208e-06,1.0993725481966976e-05,2.8853156663899426e-07
3250,0,Attention,value,base_model.model.bert.encoder.layer.0.attention.self.value.lora_E.default,12,0,12,0.023073993623256683,0.12320785969495773,9.471974493635571e-08
3250,1,Attention,query,base_model.model.bert.encoder.layer.1.attention.self.query.lora_E.default,12,0,12,4.25281632487895e-06,1.2604294170159847e-05,9.530042461847188e-07
3250,1,Attention,value,base_model.model.bert.encoder.layer.1.attention.self.value.lora_E.default,12,0,12,0.011741637252271175,0.1408422887325287,1.1042561709473375e-06
3250,2,Attention,query,base_model.model.bert.encoder.layer.2.attention.self.query.lora_E.default,11,1,12,4.645058197638718e-06,1.1830112271127291e-05,5.577618367169634e-10
3250,2,Attention,value,base_model.model.bert.encoder.layer.2.attention.self.value.lora_E.default,12,0,12,0.054425641894340515,0.1554017961025238,1.7134856022948952e-07
3250,3,Attention,query,base_model.model.bert.encoder.layer.3.attention.self.query.lora_E.default,12,0,12,5.680896720150486e-06,1.206519937113626e-05,8.462006917397957e-08
3250,3,Attention,value,base_model.model.bert.encoder.layer.3.attention.self.value.lora_E.default,12,0,12,0.026158055290579796,0.11544785648584366,3.601610387704568e-07
3250,4,Attention,query,base_model.model.bert.encoder.layer.4.attention.self.query.lora_E.default,12,0,12,4.13415682487539e-06,1.1381401236576494e-05,6.112934158863936e-08
3250,4,Attention,value,base_model.model.bert.encoder.layer.4.attention.self.value.lora_E.default,12,0,12,0.018610896542668343,0.12160651385784149,2.7150800718800383e-08
3250,5,Attention,query,base_model.model.bert.encoder.layer.5.attention.self.query.lora_E.default,12,0,12,3.5376326650293777e-06,7.805461791576818e-06,5.945584575783869e-07
3250,5,Attention,value,base_model.model.bert.encoder.layer.5.attention.self.value.lora_E.default,12,0,12,0.020166128873825073,0.13535702228546143,1.247717932528758e-06
3250,6,Attention,query,base_model.model.bert.encoder.layer.6.attention.self.query.lora_E.default,12,0,12,5.485257133841515e-06,1.3062127436569426e-05,1.2452355804271065e-06
3250,6,Attention,value,base_model.model.bert.encoder.layer.6.attention.self.value.lora_E.default,12,0,12,0.021115737035870552,0.1298058182001114,1.8905375043232198e-07
3250,7,Attention,query,base_model.model.bert.encoder.layer.7.attention.self.query.lora_E.default,12,0,12,5.05158823216334e-06,1.6549432984902523e-05,7.527062280132668e-07
3250,7,Attention,value,base_model.model.bert.encoder.layer.7.attention.self.value.lora_E.default,12,0,12,0.050491075962781906,0.13556157052516937,8.652859264657309e-07
3250,8,Attention,query,base_model.model.bert.encoder.layer.8.attention.self.query.lora_E.default,12,0,12,6.432113423215924e-06,1.839396463765297e-05,4.879228399090607e-08
3250,8,Attention,value,base_model.model.bert.encoder.layer.8.attention.self.value.lora_E.default,12,0,12,0.0739593580365181,0.13906319439411163,1.525676566416223e-06
3250,9,Attention,query,base_model.model.bert.encoder.layer.9.attention.self.query.lora_E.default,12,0,12,4.264006747689564e-06,1.0091604963236023e-05,9.810278243094217e-07
3250,9,Attention,value,base_model.model.bert.encoder.layer.9.attention.self.value.lora_E.default,12,0,12,0.09391602873802185,0.15997087955474854,7.43740145026095e-08
3250,10,Attention,query,base_model.model.bert.encoder.layer.10.attention.self.query.lora_E.default,12,0,12,5.41138933840557e-06,1.5467423509107903e-05,2.388560460531153e-07
3250,10,Attention,value,base_model.model.bert.encoder.layer.10.attention.self.value.lora_E.default,12,0,12,0.03328961133956909,0.11943743377923965,1.0330312534279074e-06
3250,11,Attention,query,base_model.model.bert.encoder.layer.11.attention.self.query.lora_E.default,12,0,12,3.472214302746579e-06,1.3026920896663796e-05,7.547276936747949e-08
3250,11,Attention,value,base_model.model.bert.encoder.layer.11.attention.self.value.lora_E.default,12,0,12,0.060909729450941086,0.19975554943084717,2.792376108118333e-08
3500,0,Attention,query,base_model.model.bert.encoder.layer.0.attention.self.query.lora_E.default,12,0,12,1.328581106463389e-06,3.2032260151027003e-06,4.870580596616492e-07
3500,0,Attention,value,base_model.model.bert.encoder.layer.0.attention.self.value.lora_E.default,12,0,12,0.023296749219298363,0.1244698017835617,3.094374108059128e-07
3500,1,Attention,query,base_model.model.bert.encoder.layer.1.attention.self.query.lora_E.default,12,0,12,2.140411879736348e-06,5.404062903835438e-06,3.191151449755125e-07
3500,1,Attention,value,base_model.model.bert.encoder.layer.1.attention.self.value.lora_E.default,12,0,12,0.011814344674348831,0.1417432427406311,1.1011121614501462e-06
3500,2,Attention,query,base_model.model.bert.encoder.layer.2.attention.self.query.lora_E.default,12,0,12,1.7182024976136745e-06,3.1493607366428478e-06,2.881147906919068e-07
3500,2,Attention,value,base_model.model.bert.encoder.layer.2.attention.self.value.lora_E.default,12,0,12,0.054691147059202194,0.15601903200149536,3.047558436719555e-07
3500,3,Attention,query,base_model.model.bert.encoder.layer.3.attention.self.query.lora_E.default,12,0,12,1.3828703231411055e-06,2.6157019874517573e-06,1.0513994652683323e-07
3500,3,Attention,value,base_model.model.bert.encoder.layer.3.attention.self.value.lora_E.default,12,0,12,0.026335716247558594,0.11613304913043976,4.5197364784144156e-07
3500,4,Attention,query,base_model.model.bert.encoder.layer.4.attention.self.query.lora_E.default,12,0,12,2.136988086931524e-06,3.882199507643236e-06,8.000996132295768e-08
3500,4,Attention,value,base_model.model.bert.encoder.layer.4.attention.self.value.lora_E.default,12,0,12,0.01872405596077442,0.12241394817829132,2.010680866249004e-08
3500,5,Attention,query,base_model.model.bert.encoder.layer.5.attention.self.query.lora_E.default,12,0,12,2.4453020159853622e-06,6.4928231040539686e-06,7.526284662162652e-08
3500,5,Attention,value,base_model.model.bert.encoder.layer.5.attention.self.value.lora_E.default,12,0,12,0.020224889740347862,0.13572810590267181,5.247069339020527e-07
3500,6,Attention,query,base_model.model.bert.encoder.layer.6.attention.self.query.lora_E.default,12,0,12,2.695753437365056e-06,7.322248166019563e-06,4.838233991222296e-08
3500,6,Attention,value,base_model.model.bert.encoder.layer.6.attention.self.value.lora_E.default,12,0,12,0.021176481619477272,0.13010290265083313,1.2932159343392868e-08
3500,7,Attention,query,base_model.model.bert.encoder.layer.7.attention.self.query.lora_E.default,12,0,12,2.73551745522127e-06,5.916439022257691e-06,1.4014142379892292e-07
3500,7,Attention,value,base_model.model.bert.encoder.layer.7.attention.self.value.lora_E.default,12,0,12,0.05063444375991821,0.13591128587722778,2.4435732370875485e-07
3500,8,Attention,query,base_model.model.bert.encoder.layer.8.attention.self.query.lora_E.default,12,0,12,2.68513144874305e-06,7.645185178262182e-06,8.294639286532401e-08
3500,8,Attention,value,base_model.model.bert.encoder.layer.8.attention.self.value.lora_E.default,12,0,12,0.07410614937543869,0.13917595148086548,2.0242034679540666e-06
3500,9,Attention,query,base_model.model.bert.encoder.layer.9.attention.self.query.lora_E.default,12,0,12,2.7368189421395073e-06,7.109829311957583e-06,1.385367198736276e-07
3500,9,Attention,value,base_model.model.bert.encoder.layer.9.attention.self.value.lora_E.default,12,0,12,0.09429988265037537,0.1607644408941269,3.4204558687633835e-06
3500,10,Attention,query,base_model.model.bert.encoder.layer.10.attention.self.query.lora_E.default,12,0,12,3.5286022921354743e-06,8.309539225592744e-06,1.6665654811731656e-07
3500,10,Attention,value,base_model.model.bert.encoder.layer.10.attention.self.value.lora_E.default,12,0,12,0.03338999301195145,0.11979035288095474,1.9303779481560923e-06
3500,11,Attention,query,base_model.model.bert.encoder.layer.11.attention.self.query.lora_E.default,12,0,12,2.1383873445302015e-06,5.621807758871e-06,1.1724070247964846e-07
3500,11,Attention,value,base_model.model.bert.encoder.layer.11.attention.self.value.lora_E.default,12,0,12,0.06112751364707947,0.20025703310966492,2.958239804229379e-07
3750,0,Attention,query,base_model.model.bert.encoder.layer.0.attention.self.query.lora_E.default,7,5,12,1.1492375051602721e-08,2.1092345647844013e-08,3.9205447777135305e-09
3750,0,Attention,value,base_model.model.bert.encoder.layer.0.attention.self.value.lora_E.default,5,7,12,0.023322278633713722,0.12486418336629868,8.59675775011226e-10
3750,1,Attention,query,base_model.model.bert.encoder.layer.1.attention.self.query.lora_E.default,7,5,12,1.5673437658847433e-08,3.408892368383931e-08,7.37985283993936e-10
3750,1,Attention,value,base_model.model.bert.encoder.layer.1.attention.self.value.lora_E.default,2,10,12,0.011839106678962708,0.14206922054290771,5.973967431849303e-10
3750,2,Attention,query,base_model.model.bert.encoder.layer.2.attention.self.query.lora_E.default,5,7,12,9.61881241323681e-09,2.6798629093605086e-08,1.889845779867727e-10
3750,2,Attention,value,base_model.model.bert.encoder.layer.2.attention.self.value.lora_E.default,8,4,12,0.05479897931218147,0.15620140731334686,1.898572854486247e-09
3750,3,Attention,query,base_model.model.bert.encoder.layer.3.attention.self.query.lora_E.default,9,3,12,1.797052640029051e-08,3.460312925085418e-08,3.5155685029764072e-09
3750,3,Attention,value,base_model.model.bert.encoder.layer.3.attention.self.value.lora_E.default,6,6,12,0.02638552337884903,0.11630032956600189,2.8457725065322848e-09
3750,4,Attention,query,base_model.model.bert.encoder.layer.4.attention.self.query.lora_E.default,5,7,12,9.95154536553855e-09,2.229447026991238e-08,2.9303686144288577e-09
3750,4,Attention,value,base_model.model.bert.encoder.layer.4.attention.self.value.lora_E.default,9,3,12,0.018733778968453407,0.12250851094722748,2.3735382548295547e-09
3750,5,Attention,query,base_model.model.bert.encoder.layer.5.attention.self.query.lora_E.default,5,7,12,1.0600918365355483e-08,2.6243650808055463e-08,4.1262115946238964e-10
3750,5,Attention,value,base_model.model.bert.encoder.layer.5.attention.self.value.lora_E.default,7,5,12,0.020251214504241943,0.13589678704738617,4.083227977957904e-09
3750,6,Attention,query,base_model.model.bert.encoder.layer.6.attention.self.query.lora_E.default,7,5,12,9.815995127837596e-09,2.8711411914628115e-08,3.973260609413387e-10
3750,6,Attention,value,base_model.model.bert.encoder.layer.6.attention.self.value.lora_E.default,9,3,12,0.02120174653828144,0.13021151721477509,1.7633776661085676e-09
3750,7,Attention,query,base_model.model.bert.encoder.layer.7.attention.self.query.lora_E.default,5,7,12,9.43115097129521e-09,2.4046524771392797e-08,1.3398534504105442e-09
3750,7,Attention,value,base_model.model.bert.encoder.layer.7.attention.self.value.lora_E.default,7,5,12,0.0506984144449234,0.1360006183385849,1.3915931740271503e-09
3750,8,Attention,query,base_model.model.bert.encoder.layer.8.attention.self.query.lora_E.default,5,7,12,8.435987020050106e-09,1.9441346310600238e-08,4.8283987919006677e-11
3750,8,Attention,value,base_model.model.bert.encoder.layer.8.attention.self.value.lora_E.default,10,2,12,0.07417122274637222,0.13930419087409973,3.48774853442535e-09
3750,9,Attention,query,base_model.model.bert.encoder.layer.9.attention.self.query.lora_E.default,3,9,12,6.557499876436168e-09,1.8417065206222105e-08,1.652016197450923e-11
3750,9,Attention,value,base_model.model.bert.encoder.layer.9.attention.self.value.lora_E.default,9,3,12,0.09440556913614273,0.16103164851665497,2.982083691094317e-09
3750,10,Attention,query,base_model.model.bert.encoder.layer.10.attention.self.query.lora_E.default,7,5,12,1.530398563431845e-08,4.7666713243188497e-08,1.4226438915798667e-09
3750,10,Attention,value,base_model.model.bert.encoder.layer.10.attention.self.value.lora_E.default,6,6,12,0.033419419080019,0.11984942853450775,3.0441471565723077e-10
3750,11,Attention,query,base_model.model.bert.encoder.layer.11.attention.self.query.lora_E.default,5,7,12,7.937285495529522e-09,1.639316771218091e-08,5.394334978703341e-10
3750,11,Attention,value,base_model.model.bert.encoder.layer.11.attention.self.value.lora_E.default,6,6,12,0.061180517077445984,0.2004319280385971,3.4019734251877765e-10
3750,0,Attention,query,base_model.model.bert.encoder.layer.0.attention.self.query.lora_E.default,7,5,12,1.1492375051602721e-08,2.1092345647844013e-08,3.9205447777135305e-09
3750,0,Attention,value,base_model.model.bert.encoder.layer.0.attention.self.value.lora_E.default,5,7,12,0.023322278633713722,0.12486418336629868,8.59675775011226e-10
3750,1,Attention,query,base_model.model.bert.encoder.layer.1.attention.self.query.lora_E.default,7,5,12,1.5673437658847433e-08,3.408892368383931e-08,7.37985283993936e-10
3750,1,Attention,value,base_model.model.bert.encoder.layer.1.attention.self.value.lora_E.default,2,10,12,0.011839106678962708,0.14206922054290771,5.973967431849303e-10
3750,2,Attention,query,base_model.model.bert.encoder.layer.2.attention.self.query.lora_E.default,5,7,12,9.61881241323681e-09,2.6798629093605086e-08,1.889845779867727e-10
3750,2,Attention,value,base_model.model.bert.encoder.layer.2.attention.self.value.lora_E.default,8,4,12,0.05479897931218147,0.15620140731334686,1.898572854486247e-09
3750,3,Attention,query,base_model.model.bert.encoder.layer.3.attention.self.query.lora_E.default,9,3,12,1.797052640029051e-08,3.460312925085418e-08,3.5155685029764072e-09
3750,3,Attention,value,base_model.model.bert.encoder.layer.3.attention.self.value.lora_E.default,6,6,12,0.02638552337884903,0.11630032956600189,2.8457725065322848e-09
3750,4,Attention,query,base_model.model.bert.encoder.layer.4.attention.self.query.lora_E.default,5,7,12,9.95154536553855e-09,2.229447026991238e-08,2.9303686144288577e-09
3750,4,Attention,value,base_model.model.bert.encoder.layer.4.attention.self.value.lora_E.default,9,3,12,0.018733778968453407,0.12250851094722748,2.3735382548295547e-09
3750,5,Attention,query,base_model.model.bert.encoder.layer.5.attention.self.query.lora_E.default,5,7,12,1.0600918365355483e-08,2.6243650808055463e-08,4.1262115946238964e-10
3750,5,Attention,value,base_model.model.bert.encoder.layer.5.attention.self.value.lora_E.default,7,5,12,0.020251214504241943,0.13589678704738617,4.083227977957904e-09
3750,6,Attention,query,base_model.model.bert.encoder.layer.6.attention.self.query.lora_E.default,7,5,12,9.815995127837596e-09,2.8711411914628115e-08,3.973260609413387e-10
3750,6,Attention,value,base_model.model.bert.encoder.layer.6.attention.self.value.lora_E.default,9,3,12,0.02120174653828144,0.13021151721477509,1.7633776661085676e-09
3750,7,Attention,query,base_model.model.bert.encoder.layer.7.attention.self.query.lora_E.default,5,7,12,9.43115097129521e-09,2.4046524771392797e-08,1.3398534504105442e-09
3750,7,Attention,value,base_model.model.bert.encoder.layer.7.attention.self.value.lora_E.default,7,5,12,0.0506984144449234,0.1360006183385849,1.3915931740271503e-09
3750,8,Attention,query,base_model.model.bert.encoder.layer.8.attention.self.query.lora_E.default,5,7,12,8.435987020050106e-09,1.9441346310600238e-08,4.8283987919006677e-11
3750,8,Attention,value,base_model.model.bert.encoder.layer.8.attention.self.value.lora_E.default,10,2,12,0.07417122274637222,0.13930419087409973,3.48774853442535e-09
3750,9,Attention,query,base_model.model.bert.encoder.layer.9.attention.self.query.lora_E.default,3,9,12,6.557499876436168e-09,1.8417065206222105e-08,1.652016197450923e-11
3750,9,Attention,value,base_model.model.bert.encoder.layer.9.attention.self.value.lora_E.default,9,3,12,0.09440556913614273,0.16103164851665497,2.982083691094317e-09
3750,10,Attention,query,base_model.model.bert.encoder.layer.10.attention.self.query.lora_E.default,7,5,12,1.530398563431845e-08,4.7666713243188497e-08,1.4226438915798667e-09
3750,10,Attention,value,base_model.model.bert.encoder.layer.10.attention.self.value.lora_E.default,6,6,12,0.033419419080019,0.11984942853450775,3.0441471565723077e-10
3750,11,Attention,query,base_model.model.bert.encoder.layer.11.attention.self.query.lora_E.default,5,7,12,7.937285495529522e-09,1.639316771218091e-08,5.394334978703341e-10
3750,11,Attention,value,base_model.model.bert.encoder.layer.11.attention.self.value.lora_E.default,6,6,12,0.061180517077445984,0.2004319280385971,3.4019734251877765e-10
